country,founded,id,industry,linkedin_url,locality,name,region,size,website
spain,2007,USmkBJx4kkvXnC25ESTQwwAHPQuS,information technology and services,linkedin.com/company/ad-ptalo-nuevas-tecnolog-as,san sebastián de los reyes,adáptalo nuevas tecnologías,community of madrid,1-10,adaptalo.com
spain,,9EnRateDxYFuipllsSse7AsExSse,information technology and services,linkedin.com/company/beauty-with-a-purpose,madrid,beauty with a purpose,community of madrid,1-10,
spain,,FOaIJN6Hk4OliFqOSGYCbwbLQuOc,information technology and services,linkedin.com/company/scien-analytics,zaragoza,scien analytics,aragon,1-10,scien-analytics.com
spain,,aBojKgLEpYAH16v5CnwSOATkbnLZ,information technology and services,linkedin.com/company/21projects,,21projects,community of madrid,1-10,21projects.com
spain,2000,7GAVBXo5WPXYs3suKHCN5QgDQJOa,information technology and services,linkedin.com/company/tedial,málaga,tedial,andalusia,51-200,tedial.com
spain,,na1YmXqaYwZkC1BPNNSDzAd5mUZ2,information technology and services,linkedin.com/company/marqués-olivia,san cugat del vallés,marqués olivia,catalonia,51-200,
spain,,ReqXTJOtH2idiVzveNUqSgOLPf9r,information technology and services,linkedin.com/company/wakke-it,bilbao,wakke it,basque country,11-50,wakkeit.com
spain,2023,Mll0WfH7PgMVhZknLFdcNw6Gssr3,information technology and services,linkedin.com/company/praedihub,madrid,praedihub,community of madrid,1-10,praedihub.com
spain,2004,5Eu1KmgKYKxfdNz7mf9ZVgTMK4l6,information technology and services,linkedin.com/company/jfm-informatica-y-comunicaciones,madrid,jfm informatica y comunicaciones,community of madrid,1-10,jfminformatica.com
spain,2015,bvzOvW8Nhs2px8E2HzGnVAK56dOD,information technology and services,linkedin.com/company/freechargestation,palma,freechargestation,balearic islands,1-10,freechargestation.es
spain,2014,eZdK70tveBUlofVBB3oJYwJzam5F,information technology and services,linkedin.com/company/imbee-me,barcelona,imbee messenger,catalonia,11-50,imbee.me
spain,2020,Wry4eUrm3TdNXlNFeWbwfAKRHKtW,information technology and services,linkedin.com/company/acadcat,barcelona,associació catalana d'actius digitals (acad),catalonia,11-50,acad.cat
spain,,kXq7AFY3dul4G0aVFjqLMAU5cQVm,information technology and services,linkedin.com/company/sponsoft-oy,madrid,sponsoft oy,community of madrid,1-10,sponsoft.fi
spain,2015,Kkz0VOs8q8kMtpy8BDvbVQ61Anyt,information technology and services,linkedin.com/company/europa6-grupo-consultor,sevilla,europa6 grupo consultor,andalusia,1-10,europa6.es
spain,2017,v0FcFZK303XC0CaQzWBTdQ87SAkl,information technology and services,linkedin.com/company/quantask,madrid,quantask,community of madrid,1-10,quantask.com
spain,2018,ptmyf8LqDZ4uiUdxIAgPKwH1VHP3,information technology and services,linkedin.com/company/iobuilders,humanes de madrid,iobuilders,community of madrid,51-200,io.builders
spain,,9U5oa0hQ8sDRRFGv7rOOHwbRT5oN,information technology and services,linkedin.com/company/spa-sensations,madrid,spa sensations,community of madrid,11-50,
spain,1989,WdGRY11aCY8A6cXXHNpVJwzzqnhh,information technology and services,linkedin.com/company/sintelec-inform-tica-y-comunicaciones,mataró,sintelec,catalonia,11-50,sintelec.cat
spain,2021,iIt7uflkeyzemd35ljaB4gMEFG30,information technology and services,linkedin.com/company/natival-integral-tech-solutions,las rozas de madrid,natival,community of madrid,1-10,natival.es
spain,2008,lPUHk1xeMRzrleK9YCVfcAB18Qvl,information technology and services,linkedin.com/company/solium-global-compliance,barcelona,shareworks global compliance,catalonia,11-50,
spain,,qQIRhQpiWRYrChXjPIyp1whqHOQT,information technology and services,linkedin.com/company/destaka,logrono,destaka,la rioja,1-10,destaka.es
spain,1994,XTG4YXrtLCiPwLtxYRpGPwE7IU4D,information technology and services,linkedin.com/company/enter-systems,barcelona,integrho · an sd worx company,catalonia,51-200,integrho.com
spain,,HjsYBp60dRZ1taKieh58igpZpkC4,information technology and services,linkedin.com/company/relacom-technologies-limited,madrid,relacom technologies limited,community of madrid,11-50,
spain,2001,Ciimv5otlNL504t9LGgjSQhykvI2,information technology and services,linkedin.com/company/on-line-inform-tica,cangas,on line informática,galicia,1-10,taciro.com.br
spain,,786jra1HUstAlbPm7l1NTAbWxLMD,information technology and services,linkedin.com/company/amos-solutions-limited,madrid,amos solutions limited,community of madrid,1-10,ctuh.co.nz
spain,2010,hnyHjfxkc2wbAf9aOov2cQhsR4nn,information technology and services,linkedin.com/company/ymbra,barcelona,ymbra,catalonia,1-10,ymbra.com
spain,,8kA42UXIzX4UeUThpgJkBQT7I0so,information technology and services,linkedin.com/company/viatges-massanella,,viatges massanella,,1-10,viatgesmassanella.com
spain,,i2CRmgEJq33WftepPyjaIwyBpyiT,information technology and services,linkedin.com/company/logicalis-spain-s.l.u.,,logicalis spain s.l.u.,community of madrid,1-10,
spain,2012,UmNTJQn3UAeoOus1jGsp8AxkU4zf,information technology and services,linkedin.com/company/nommon-solutions-and-technologies,madrid,nommon,community of madrid,11-50,nommon.es
spain,2019,OVqkaLBP1qTwn56PgqQtRQfwIHnf,information technology and services,linkedin.com/company/the-revenue-labs,madrid,the revenue labs,community of madrid,1-10,
spain,2020,2MV6uRbP1HIjgE9L99SAvA7IrmCp,information technology and services,linkedin.com/company/laprodu,l'hospitalet de llobregat,la produ,catalonia,1-10,laprodu.es
spain,,XQCnDk0983R5BTW9AKV4JgaKvvUr,information technology and services,linkedin.com/company/enulta-corporation,madrid,enulta corporation,community of madrid,1-10,enulta.com
spain,2019,SyoTYWO6ouCXCF8KkIBquwu45mKy,information technology and services,linkedin.com/company/smsvideo,el puntal,smsvideo,region of murcia,1-10,smsvideo.es
spain,,B5b4Uu57PTvmEC5Z7VVpRwie4bO5,information technology and services,linkedin.com/company/virtual-control-center,barcelona,virtual control center,catalonia,1-10,virtualcontrolcenter.com
spain,,n1QBR2MmdrvfAfAxqZbeKANzA3Uk,information technology and services,linkedin.com/company/cooperativa-energía,el carrer de dalt,cooperativa energía,catalonia,1-10,cooperativaenergia.org
spain,2013,9aU3Fr5tMd7CbHWjPDljZgvUX0KN,information technology and services,linkedin.com/company/call2world,barcelona,call2world,catalonia,51-200,call2w.com
spain,,oCKWW5LjoW1JzAOby78Ckw1fUXFI,information technology and services,linkedin.com/company/dentalisto-com,málaga,dentalisto,andalusia,1-10,dentalisto.com
spain,,WAj5HpmY0gDzmyHkVin6eAlTBssL,information technology and services,linkedin.com/company/xerox-cribsa,barcelona,cribsa xerox gold partner barcelona,catalonia,11-50,cribsa.com
spain,,HYC2ydDpf8Fk2BOUnkLpCAPYQJlA,information technology and services,linkedin.com/company/nextpyme,sevilla,nextpyme,andalusia,1-10,nextpyme.com
spain,,SBBl83dKcPNz62ixdTOU7Qvdq7RD,information technology and services,linkedin.com/company/cooper-photonics-inc-,madrid,"cooper photonics, inc.",community of madrid,11-50,cphotonics.com
spain,2014,UBZu57ABzUArrwYPoMBlLQg6SHCk,information technology and services,linkedin.com/company/video-turismo,granada,video turismo,andalusia,1-10,videoturismo.es
spain,,Ckl5jJClqu3nYTOUMrifMgFaGby8,information technology and services,linkedin.com/company/estudio155,madrid,estudio 155,community of madrid,1-10,estudio155.com
spain,2014,EoSNDEBaXs5BuHGw5dsBAQbcm7ks,information technology and services,linkedin.com/company/amarutek-s-l-,ourense,amarutek,galicia,1-10,amarutek.com
spain,2021,pl6qJMx1psJ5LuJL38D6UgFZJk0d,information technology and services,linkedin.com/company/solwed-es,badajoz,solwed.es,extremadura,1-10,solwed.es
spain,1998,Cqib3nQtJvLdN59nTWMPpAjonOE7,information technology and services,linkedin.com/company/tym,madrid,tym,community of madrid,51-200,tym.es
spain,,tdxRVfuWyDAuRo9qXQ6u2QXeyhKz,information technology and services,linkedin.com/company/agora-online-sistemas-de-información,málaga,agora online sistemas de información,andalusia,1-10,agoraonline.es
spain,2010,Xl32NnJuhkNKfjBKWmXzNwYa4Qod,information technology and services,linkedin.com/company/aloire-s-l-,el prat de llobregat,"aloire, s.l.",catalonia,1-10,aloire.com
spain,,nYcH41BBOpJGRHRjZUO6Sga7rdW7,information technology and services,linkedin.com/company/willis-white-&-co-limited,madrid,willis white & co limited,community of madrid,11-50,williswhite.co.nz
spain,,kLvoGknrcYoHeRe1b1qBtQabPYQR,information technology and services,linkedin.com/company/g-sync-data-s-r-l-,madrid,g sync data s.r.l.,community of madrid,1-10,
spain,2004,RBhQR9nvXaccj8B1tOIFbgGczbMF,information technology and services,linkedin.com/company/-rchivus-s.l.,coslada,"árchivus, s.l.",community of madrid,1-10,archivus.es
spain,2010,7P1STs8FcNbysWU9hoc5IglOAADr,information technology and services,linkedin.com/company/sbhard,granada,sbhard,andalusia,1-10,sbhard.com
spain,2017,JCJhuia8q5biIUGkTd39GQJVGOC8,information technology and services,linkedin.com/company/vicox-legal,marbella,vicox,andalusia,1-10,vicox.legal
spain,2021,TCXA4riuHABwJbsCeJPCVQaEIWkO,information technology and services,linkedin.com/company/rapsodoo-iberia,madrid,rapsodoo iberia,community of madrid,11-50,
spain,,kdeMuDN8ovZWzB6GgIKTuQtXOapT,information technology and services,linkedin.com/company/apple-retail-italia-srl,madrid,apple retail italia srl,community of madrid,11-50,
spain,,lj1gxXpYulkqTRaFODfghAES2OO8,information technology and services,linkedin.com/company/briggs-international-consulting,zaragoza,briggs international consulting,aragon,1-10,
spain,2014,VCL2A49WJlG3j9WG9BVNTge797EK,information technology and services,linkedin.com/company/dokinnova,alcalá de henares,dokinnova,community of madrid,1-10,dokinnova.com
spain,2012,9jWUrLGk68cbM6Dfaa2IpAQw0nYW,information technology and services,linkedin.com/company/grupo-impultec-sl,oviedo,grupo impultec sl,asturias,11-50,grupoimpultec.com
spain,2012,YZH7XoEnZz0j08FNh0eQJAPYsrs8,information technology and services,linkedin.com/company/lucidoo,madrid,lucidoo,community of madrid,1-10,lucidoo.com
spain,2016,bxnkNfZJibTDq2PtywTdDABxWAb3,information technology and services,linkedin.com/company/barcelona-code-school,barcelona,barcelona code school,catalonia,1-10,barcelonacodeschool.com
spain,1989,vU3ID8WlkIMIae0suPX0BQntJoNN,information technology and services,linkedin.com/company/odm,madrid,☁ odm ☁,community of madrid,51-200,odm.es
spain,2000,HZQdbc8N77k4E8kULhBDtwZTsKQH,information technology and services,linkedin.com/company/leku-multimedia,vitoria-gasteiz,leku multimedia,basque country,1-10,
spain,2018,xVB1UKwFWSP1BSWGEdeEsguISkrb,information technology and services,linkedin.com/company/salesmic,barcelona,salesmic,catalonia,1-10,salesmic.com
spain,,taa0kICXpx1BtT00q61hiwF2mrZM,information technology and services,linkedin.com/company/minuteman-tech,madrid,minuteman tech,community of madrid,1-10,
spain,2018,5buSDK9c50pOlMrOsVxHBQyPOqsz,information technology and services,linkedin.com/company/sodepa,palencia,sodepa soluciones documentales y de equipamiento,castilla and león,1-10,sodepa.es
spain,2009,AeyCKMxWXl21st2kxRd51Qbh9uRp,information technology and services,linkedin.com/company/ibernex-ingenieria-sl,zaragoza,ibernex | digitalización para hospitales y residencias,aragon,11-50,ibernex.es
spain,2009,K8C6s0gc6zHOKktlWWDNywzAEDYb,information technology and services,linkedin.com/company/4tic,castello de la plana,4tic,valencian community,1-10,4tic.com
spain,2020,TDWlXczrdJvnf4TOKppJkASrhL23,information technology and services,linkedin.com/company/urbionix,villanueva y geltrú,urbionix,catalonia,1-10,urbionix.com
spain,,p42joOCh2Q9XRi0EvdZfKA12moak,information technology and services,linkedin.com/company/princess-tours,madrid,princess tours,community of madrid,51-200,
spain,2009,UEl1XlIncLVKdOjIFthW3wrQt1rI,information technology and services,linkedin.com/company/saas-consulting,madrid,saas consulting,community of madrid,11-50,saasconsulting.es
spain,,Yb8Auu234oeXhF64SJVgcwFRgvfK,information technology and services,linkedin.com/company/rysit-consulting-gmbh,madrid,rysit consulting gmbh,community of madrid,1-10,
spain,,BeoBFG0TfUOBWZ79WF5cXwxRwxDl,information technology and services,linkedin.com/company/alba-informatica,utrera,alba informatica,andalusia,1-10,
spain,2012,5Ipec0S0NAxrPbcksOyH9wLtLALI,information technology and services,linkedin.com/company/taiki---soluciones-informaticas,toledo,taiki -  soluciones informaticas,castilla-la mancha,1-10,taiki.es
spain,,D8D1q0ZH7jnhyx1aVE44oAERpn4U,information technology and services,linkedin.com/company/twago-com,madrid,twago.com,community of madrid,1-10,
spain,2003,ZDGKLuEEODHDyDYlWLvarQ4lZxyn,information technology and services,linkedin.com/company/inmotech-techonlogy,málaga,inmotech team espana sl,andalusia,201-500,inmotech.com.es
spain,2018,tSj9gCWyYlOB2AmgvEqoeg94WnA3,information technology and services,linkedin.com/company/rustic-datalogy,barcelona,rustic datalogy,catalonia,1-10,rusticdata.com
spain,,o5rD2MBmuKvu1ZDgTdchEw3pf5gT,information technology and services,linkedin.com/company/nanu-algañaras-imagen-personal,,nanu algañaras - imagen personal,community of madrid,1-10,nanualganaras.com
spain,,B67KLTiJalPhyXBg9CBXSQkooTm7,information technology and services,linkedin.com/company/kirp-gmbh,madrid,kirp gmbh,community of madrid,11-50,kirp.de
spain,2001,nq3BsAzjTR8DWWgVBAkTWwJa3nTe,information technology and services,linkedin.com/company/ekoplc,palma,bankoi,balearic islands,11-50,ekoplc.net
spain,2010,Lrz4xBy2fEsdvZVrwfCmoAC5SQga,information technology and services,linkedin.com/company/orbitvu-product-teleporting,barcelona,orbitvu españa,catalonia,51-200,orbitvu.es
spain,2020,DgGEs44COtwRwUQMRC1PmgkiL7zO,information technology and services,linkedin.com/company/kup-consultores,badalona,kup consultores,catalonia,1-10,kupconsultores.com
spain,2016,I8f5A2ujBXSZrgnN3sWerAeaAvEl,information technology and services,linkedin.com/company/soundslikemarket,madrid,soundslikemarket,community of madrid,1-10,soundslikemarket.es
spain,1998,0Oqs0iMTyD0fGhEs9XxZCwdKRTP3,information technology and services,linkedin.com/company/pronet-ise,zaragoza,pronet-ise,aragon,11-50,pronet-ise.com
spain,2018,SCDTBZ4d7cx7l4RQ6vRBQwemsO2q,information technology and services,linkedin.com/company/vtlab,riba-roja de turia,vtlab,valencian community,1-10,vtlab.net
spain,2004,iN1LgXLDYWzNRXkGNBu3KwBhtPS9,information technology and services,linkedin.com/company/sos-mipc,alcobendas,sos mipc,community of madrid,1-10,sosmipc.es
spain,2016,BCGoaHshC6i0bVQ2RG8uOAG0xBel,information technology and services,linkedin.com/company/west-telco-europa,barcelona,west telco europa s.l.,catalonia,1-10,westtelcoeuropa.es
spain,2014,9WwKzMwvVW5C3WSnL5MGkgpUe2fM,information technology and services,linkedin.com/company/yosoy-wesak-sl,meco,y.s.y wesak,community of madrid,1-10,
spain,2023,mhE797Qhe99Oy6rLlVr4ZwgcGrc3,information technology and services,linkedin.com/company/metadads-nft,alicante,the quantum chronicle,valencian community,1-10,thequantumchronicle.com
spain,2016,QW3WwfOYv5ByAK7GrACBeA9QYu4H,information technology and services,linkedin.com/company/sinequix,barcelona,sinequix,catalonia,11-50,sinequix.com
spain,1995,4BPbNeRCVngB1QK3MfM6WQrjZEAf,information technology and services,linkedin.com/company/zerkana,monóvar,zerkana,valencian community,11-50,zerkana.com
spain,2017,gLugv0c8BZApYmXEtN1oew7tviZE,information technology and services,linkedin.com/company/droup,arroyomolinos,"droup, servicios audiovisuales",community of madrid,1-10,droup.es
spain,2020,omnjfwuakQhkln5EG7wSMA4zI9iI,information technology and services,linkedin.com/company/loand,santa susanna,loand technologies,catalonia,1-10,loandtechnologies.com
spain,,OWPflCaOt4JT3Y9EVtEClQbbPMS3,information technology and services,linkedin.com/company/wilmington-traffic-on-demand,madrid,wilmington traffic on demand,community of madrid,1-10,
spain,,xMMCBJuQpeYZox1uSYOwcAVEaJ1b,information technology and services,linkedin.com/company/insovi-informatica-y-telecomunicaciones-sl,villa del río,insovi informatica y telecomunicaciones sl,andalusia,1-10,
spain,2004,BoA0KoICZDVwNv7IvRQQ9Q64Y9oa,information technology and services,linkedin.com/company/yunbit,madrid,geanet,community of madrid,11-50,yunbitsoftware.com
spain,2012,RGx4cy4lMG41pPXAxiCRJQDkhrdX,information technology and services,linkedin.com/company/f-o-flying-over-ocean,badajoz,föo flying over ocean,extremadura,1-10,fooweb.net
spain,,RQ53gGVzu1dQkQNTjIlg5AUA277o,information technology and services,linkedin.com/company/fortyone,,fortyone,,1-10,fortyone.es
spain,2016,DIJQ0Kt30PdoLsMmD9sBLwoXAX5h,information technology and services,linkedin.com/company/ziteweb,san cugat del vallés,ziteweb,catalonia,1-10,ziteweb.es
spain,2016,YaVScHWLJupMGC1O3553YQfQ6OWz,information technology and services,linkedin.com/company/itco-mallorca,portocolom,itco mallorca,balearic islands,1-10,itco.es
spain,,BwzYDqVumru3l4jbShAn8QK3MjoU,information technology and services,linkedin.com/company/migrant-resource-centre-of-sa-inc,madrid,migrant resource centre of sa inc,community of madrid,1-10,
spain,2022,kaFLC2HsStl6RCkIYClnKAqSljXO,information technology and services,linkedin.com/company/cometa-labs,palma,cometa labs,balearic islands,1-10,cometalabs.io
spain,1986,OIABzdWxMcLcTNqKS214cguCfun6,information technology and services,linkedin.com/company/idata-sqp,monte pego,idata-sqp,valencian community,11-50,idata.es
spain,,FWDYPoWMZmR9MT09oDKfkwkarwe0,information technology and services,linkedin.com/company/fagor-electrónica-chile-smart-data-services,santander,fagor electrónica - chile - smart data services,cantabria,1-10,fagorsmartdata.cl
spain,2013,azDRlCgd2HYy6kmiovsRsgnzXzLB,information technology and services,linkedin.com/company/atlantis-tecnología-y-sistemas,la laguna,atlantis technology,canary islands,51-200,atlantistecnologia.com
spain,,7zZWGSSC80x70gcHO6JGIQKNVmP4,information technology and services,linkedin.com/company/rpg-ingenier-a-audiovisual-s.a.,pozuelo de alarcon,rpg ingeniería audiovisual s.a.,community of madrid,51-200,rpg.es
spain,2010,g24WLkCzm7tFv1eyQrrAZA4HDATs,information technology and services,linkedin.com/company/full-service-suite-s-l,alicante,full service suite s.l,valencian community,1-10,full-service-suite.com
spain,,hP622mZIL23N5IDYODj0aQwy6jXP,information technology and services,linkedin.com/company/cloudia-research-espana,valencia,cloudia research españa,valencian community,51-200,cloudiaresearch.es
spain,2017,iWa1G4Eboid8zM7WTrCeHA0VUhtJ,information technology and services,linkedin.com/company/uschuss,barcelona,uschuss,catalonia,1-10,skischool.app
spain,2014,PBnJBL9lBWaCXCzjC7Bmmwh9qUjI,information technology and services,linkedin.com/company/inusual-interactive,leganés,inusual interactive,community of madrid,1-10,inusualinteractive.com
spain,,pE4LtVU0vYsC5Y2DBHJBMAls9sYH,information technology and services,linkedin.com/company/especialidades-electricas-s-a-,madrid,"especialidades electricas, s.a.",community of madrid,1-10,
spain,,bEudTgjbA8YKo215786gTA3p8Ogr,information technology and services,linkedin.com/company/elige-inteligencia-de-negocio-elige-data,vigo,elige data - inteligencia de negocio,galicia,1-10,
spain,2016,neHnKkC5BRk7ERxxeMQihQEU3Kgu,information technology and services,linkedin.com/company/hiungo.com,málaga,webrentals,andalusia,11-50,webrentals.net
spain,1998,l9tCmvPi7kUCCmk1i7cazw0pjV98,information technology and services,linkedin.com/company/axpecatalunya,barcelona,axpe catalunya,catalonia,51-200,axpe.cat
spain,2018,CQtb2PLlznEOJTpE5FyU8gz0fzL6,information technology and services,linkedin.com/company/virtual-sight,torremolinos,virtual sight,andalusia,1-10,virtualsight.es
spain,,UjS268zxpB8IsCPCpRjqUg2PqqQJ,information technology and services,linkedin.com/company/rebscape-technology,madrid,rebscape technology,community of madrid,1-10,rebscape.com
spain,,uzSMCBFOVz1hHqdrVI1LHQOA3Qle,information technology and services,linkedin.com/company/agb-holdings,madrid,agb holdings,community of madrid,1-10,
spain,2006,brtOEducRSKAiQ0Q99YwzARWWReg,information technology and services,linkedin.com/company/adapta-soluciones,ponferrada,adapta soluciones,castilla and león,1-10,adaptasoluciones.com
spain,2009,n2LLJY5pCYx6uvBffHiuyg4QHTcz,information technology and services,linkedin.com/company/lainoa-labs,bermeo,lainoa labs,basque country,1-10,lainoalabs.com
spain,2007,4blCjJGHUpnswPPIwH16hAhr6KtM,information technology and services,linkedin.com/company/serimag,barcelona,serimag,catalonia,11-50,serimag.com
spain,2007,1lHMESeldNUBMSFtbr5PCQyRYlhD,information technology and services,linkedin.com/company/cpeig,santiago de compostela,colexio profesional de enxeñaría en informática de galicia,galicia,1-10,cpeig.gal
spain,,61Op6hluqjpYOfNNppAHlAB8uNrX,information technology and services,linkedin.com/company/filmweb-as,madrid,filmweb as,community of madrid,1-10,
spain,2022,BYPf1IwCHcMNVDopDE69hQIQthEz,information technology and services,linkedin.com/company/kurio-sl,barcelona,kurio,catalonia,1-10,drive.google.com/file/d/1ge38x6wompipgkv6ookoyl0qrd2q39nh/view
spain,2014,PwgjuvForQzBwhf2KqtMfwwmqZYG,information technology and services,linkedin.com/company/ticon-desarrollo-digital,hondarribia,ticon desarrollo digital,basque country,1-10,ticon.es
spain,,ua3e2r23BU6RZCQpgBAdVgxJlru7,information technology and services,linkedin.com/company/qb-informatica,lliça d'amunt,qb informatica,catalonia,1-10,qbinformatica.net
spain,1997,zmMhc9mHjZbB9MzYEKrx4AveMXzP,information technology and services,linkedin.com/company/ticmedic,gijon,ticmedic,asturias,1-10,ticmedic.com
spain,2001,dQp5ZP974TAy97eB5H7zNQhNWaHX,information technology and services,linkedin.com/company/dahua-iberia-sl,alcobendas,dahua technology iberia,community of madrid,10001+,
spain,2011,j6vvzTP0CHrKlQSEQojJqQJTMB0z,information technology and services,linkedin.com/company/tridea-labs-s-l-,valencia,tridea labs s.l.,valencian community,1-10,
spain,2014,HKFjK9iLwvHp8AK3KLzC8gJf3yMU,information technology and services,linkedin.com/company/papagayo-software,santa cruz,papagayo software,canary islands,1-10,papagayosotfware.com
spain,2012,p27JSzBChmOM3GVY7sTs3g4hVmA1,information technology and services,linkedin.com/company/instal-2-0,terrassa,instal 2.0,catalonia,1-10,instal20.com
spain,1985,pasIRm3rhvgy3v84EJQKFAa42z1s,information technology and services,linkedin.com/company/profinsa-&-suministros-s-l-,lutxana-enekuri,profinsa & suministros s.l.,basque country,11-50,profinsaysuministros.com
spain,2017,TAmGrCWLCfx5dNAufBmLpgjduq1W,information technology and services,linkedin.com/company/deiteco,fuenlabrada,deiteco servicios it,community of madrid,1-10,femmatica.com
spain,2015,tpRoBIF6Bs8g6JzyLtk9PgeJICiF,information technology and services,linkedin.com/company/eraltech,el canyet,eraltech engineering,catalonia,11-50,eraltech.com
spain,,axEB1GPyE9aURc8S1mgyTAJxfp3b,information technology and services,linkedin.com/company/vente-privee-com,madrid,vente privee.com,community of madrid,1-10,
spain,2009,z0iL91rqzDvtIRwCoCBkJQGFuQPp,information technology and services,linkedin.com/company/human-soft-s-l-,pontevedra,"human soft, s.l.",galicia,11-50,huvs.es
spain,2019,SLuwCtaOgm1Nj521sEpGEgwXzW95,information technology and services,linkedin.com/company/sayobo,castello de la plana,sayobo,valencian community,1-10,sayobo.io
spain,2005,pTqdSXKiiW6eOVYpr9ed9AauXmRe,information technology and services,linkedin.com/company/assessorit,barcelona,assessorit,catalonia,1-10,assessorit.com
spain,2007,FaaCEzCUM58P6KmyerT2SgTbKB7R,information technology and services,linkedin.com/company/verifarma-global,humanes de madrid,verifarma,community of madrid,51-200,verifarma.com
spain,2022,fXn31pCdjWQjExJzze2ECQadwioy,information technology and services,linkedin.com/company/softit-consulting,madrid,softit consulting,community of madrid,1-10,softit.es
spain,2013,3vLm8fWaBcaMeuECt6CCfwnVcmNK,information technology and services,linkedin.com/company/golfindustria-es,,golfindustria.es,,1-10,golfindustria.es
spain,2022,N2A2eVpWP16B2T4imIqXDgiCkjs8,information technology and services,linkedin.com/company/gbd-smart-consulting,las palmas,gbd consultores,canary islands,1-10,gbdconsultores.com
spain,2019,ZWJ7r1LwuIYb02OUebOCegTMoV2S,information technology and services,linkedin.com/company/data-driven-solutions-s-l,barcelona,data driven solutions,catalonia,1-10,datadrivensol.com
spain,,Pd2gM4FELVYvVJDclHvgKQPFuujC,information technology and services,linkedin.com/company/director11,,director11,community of madrid,11-50,director11.com
spain,,MfvHh87AwBUCkuOTCaS9twySyEUy,information technology and services,linkedin.com/company/ai-smart-relatyon-labs,madrid,ai smart relatyon labs,community of madrid,1-10,relatyon.com
spain,2006,5F49RG61ncRVHentdC7ATgsyqtZK,information technology and services,linkedin.com/company/sensing-&-control-systems-s-l-,barcelona,amper s&c iot s.l.,catalonia,11-50,sensingcontrol.com
spain,2005,HGDq8YePMBQeGdf1W2AU2g3849Wc,information technology and services,linkedin.com/company/canarytek,arrecife,canarytek,canary islands,1-10,canarytek.com
spain,2020,R0XLWkqORmx9ChlpSt4rKwoWiY10,information technology and services,linkedin.com/company/gestion-virtual-360,móstoles,gestión virtual 360,community of madrid,1-10,gestionvirtual360.com
spain,,D2CGtB7mU9kaAHsOwirNZQGNhhT5,information technology and services,linkedin.com/company/kaamostele-ky,madrid,kaamostele ky,community of madrid,1-10,kaamoscenter.fi
spain,2018,LwCMLOms3mQhRMMS9pj8lAPUMsRd,information technology and services,linkedin.com/company/neodata-it-solutions,humanes de madrid,neodata it solutions,community of madrid,1-10,neodata.ai
spain,,ED3692FmYk4XO3TExweyeAhuL3Iz,information technology and services,linkedin.com/company/new-energy-systems-capital,alicante,new energy systems capital,valencian community,1-10,nescapital.eu
spain,,y9Y2IwNrCCT1WsnTB7b9AQAM8CHm,information technology and services,linkedin.com/company/alegrasalud,humanes de madrid,alegra salud,community of madrid,1-10,alegrasalud.es
spain,2004,5bswfCDcTkO44xwByJzXcwzP6S1m,information technology and services,linkedin.com/company/dmoficinas,catarroja,d.m. oficinas s.l.,valencian community,1-10,dmoficinas.com
spain,2008,dmhwQw4OGQAVUxd2mdd85A9HRT49,information technology and services,linkedin.com/company/solucionalia-consultores-auditores-s.l.,totana,"solucionalia consultores auditores, s.l.",region of murcia,1-10,solucionalia.es
spain,,VSAG7YV6DkbUhrhA7PWfAQ7sFHZk,information technology and services,linkedin.com/company/facsis-consulting-sl,segovia,facsis consulting sl,castilla and león,1-10,facsis.com
spain,,sXnOANq86kPPAdED93VVbQf7TnvC,information technology and services,linkedin.com/company/hearx-west-llc,madrid,hearx west llc,community of madrid,11-50,
spain,,C4KIW4OtbCBCmm7e1WdC1gxiCjOC,information technology and services,linkedin.com/company/defi-mobile,madrid,defi mobile,community of madrid,11-50,agnsports.com
spain,,ZLwvVXEv3GeDBsAwB7IHNgek2tne,information technology and services,linkedin.com/company/smart-motril,motril,smart motril,andalusia,1-10,smartmotril.es
spain,,dxtv8VYDBQOC88A3Lf36ywovk3Ao,information technology and services,linkedin.com/company/st-midi-music,san cugat del vallés,st midi music,catalonia,1-10,stmidimusicshop.com
spain,,MTq603lIvOj90oucJxIzSgFjJ1RL,information technology and services,linkedin.com/company/geotec-españa,barcelona,geotec españa,catalonia,1-10,geotecgps.com
spain,,1mg6WNsBZTkgOsY8EjgKsAIewA5B,information technology and services,linkedin.com/company/aula-geek,barcelona,aula geek,catalonia,1-10,aulageek.cat
spain,2023,BozVhgwvuvy7y0fzmAGnOwPr51Bj,information technology and services,linkedin.com/company/welltech-electronics,barakaldo,welltech electronics,basque country,1-10,welltechelectronics.com
spain,1997,e20lBobTyCXvvTupZTyg5wI3NAKJ,information technology and services,linkedin.com/company/comcom,barcelona,"comcom - serveis associats de comunicació, sccl",catalonia,1-10,comcom.cat
spain,2023,tigbJANf7VkcsCmkbh8JuAFl5Edl,information technology and services,linkedin.com/company/nomadax365,madrid,nomadax,community of madrid,1-10,nomadax365.com
spain,1986,ZFP6fkTWIR338rhmFHjhRgxzLVk6,information technology and services,linkedin.com/company/rural-servicios-inform-ticos-s-c-,tres cantos,rural servicios informáticos s.l. (rsi),community of madrid,501-1000,ruralserviciosinformaticos.com
spain,,ZzqaByaBVDtdkbGZNmnqNQJes6wn,information technology and services,linkedin.com/company/sanbros-engineering-works,madrid,sanbros engineering works,community of madrid,11-50,sanbros.in
spain,2010,mgGDB92iUhzDJYBYQQFPag0lCmsa,information technology and services,linkedin.com/company/reddium,mairena del aljarafe,reddium,andalusia,11-50,reddium.es
spain,1996,L4cMpLJeBv5vyuDv3UurQwCJAj6M,information technology and services,linkedin.com/company/trabajador-aut-nomo,san sebastián de los reyes,trabajador autónomo,community of madrid,1-10,recursos-pc.com.ar
spain,,Ga5qpuVaLrzO4ju5VbUnkQYjIjdn,information technology and services,linkedin.com/company/music-download,madrid,music download,community of madrid,1-10,
spain,1992,o6e283e3pAfdtwp5DqWOtwT6XzEC,information technology and services,linkedin.com/company/serquo,san sebastián de los reyes,serquo,community of madrid,51-200,aurigae.com
spain,2016,CNpbyoWq9JuaR37nTpv65wU6cONb,information technology and services,linkedin.com/company/camtech-systems-sa,el perelló,campotech limited,valencian community,1-10,solar-daddy.com
spain,,ykXpcjlBETee55oGBOsZmAqymp6d,information technology and services,linkedin.com/company/webcam-content,,webcam content,,1-10,webcamcontent.es
spain,2020,a0FNGXPNBSwu2dIDuU6CCwXcz48N,information technology and services,linkedin.com/company/waytocol,valencia,waytocol,valencian community,1-10,waytocol.com
spain,,EfRidW4xCW9UJvlhyMspigFefDLk,information technology and services,linkedin.com/company/borras-consulting,barcelona,borras consulting,catalonia,1-10,
spain,2017,UBAgjVLB5YCJmXKcCNGOdQOc06j5,information technology and services,linkedin.com/company/icarus-holistic-agency,pozuelo de alarcon,icarus,community of madrid,1-10,icarus-hs.com
spain,,qxbf96wzwWAGCCnn8W4xJgZawvqP,information technology and services,linkedin.com/company/teacup-technology,madrid,teacup technology,community of madrid,1-10,teacup.co.za
spain,2002,B5jaPtvcAbtKXaBXiJ3fcAo7c0Y5,information technology and services,linkedin.com/company/riconettenerife,santa cruz,riconet,canary islands,11-50,riconet-tenerife.com
spain,2006,CZRptrwxRsqeziehGvTXzw8AUNhY,information technology and services,linkedin.com/company/colegio-profesional-de-ingenieros-en-informática-de-extremadura,cáceres,colegio profesional de ingenieros en informática de extremadura,extremadura,51-200,cpiiex.es
spain,2018,K9GbhVGUcHuQIwWNezBINAfdHJIF,information technology and services,linkedin.com/company/creativeiot,,creativeiot,community of madrid,1-10,creativeiot.es
spain,2023,9xhxjEdT3j0Q3MJAH40NSgPXR1ku,information technology and services,linkedin.com/company/brainford-artificial-intelligence,madrid,brainford artificial intelligence,community of madrid,1-10,brainford.ai
spain,2007,qStpFhM5mQJP6fWICLGDiQbejuqm,information technology and services,linkedin.com/company/itinerarium,barcelona,itinerarium,catalonia,1-10,itinerarium.com
spain,,P8w1cNdGBi1gCeD8Sd4sZgfekhdL,information technology and services,linkedin.com/company/madhavi-technology-limited,madrid,madhavi technology limited,community of madrid,1-10,setbschool.com
spain,2022,P3QQM4bNO1hyc6CV5RgzrQXGpXxi,information technology and services,linkedin.com/company/habitart-accesibilidad-universal,barcelona,habitart - accesibilidad universal,catalonia,1-10,habitart.es
spain,,UzYlt35qWp6CX2yvIRzb5QSIQlSK,information technology and services,linkedin.com/company/frozenlabs,bilbao,frozenlabs,basque country,1-10,frozenlabs.net
spain,1992,8rBNv921GA5QeVgJW3x8iARdn56c,information technology and services,linkedin.com/company/ingerhidro-s-l1,carmona,ingerhidro s.l.,andalusia,1-10,
spain,2014,pz2hBV6OzAKJSi8C2kMiCAsLEMGL,information technology and services,linkedin.com/company/talento-it,españa,talento it,community of madrid,1-10,talentoit.org
spain,,TW8fGKVBjEz4Z0bF8kCYqg5d7hWM,information technology and services,linkedin.com/company/easy-statistics-quiz-esq,sevilla,easy statistics quiz (esq),andalusia,1-10,easystatisticsquiz.com
spain,,1D1KQA7q6wFTUWJKID8TuA9oNMoi,information technology and services,linkedin.com/company/planeta-comunicación,elda,planeta comunicación,valencian community,1-10,planetacion.es
spain,,zxLPCrv4101Vcs1W9GZm5gu72Y1h,information technology and services,linkedin.com/company/alinea-technologies,campa,alinea technologies,basque country,51-200,alineat.com
spain,,w74ndyKTzPm9DTFAG55GOQrnzKGy,information technology and services,linkedin.com/company/l-st-dimension,vigo,l@st dimension,galicia,1-10,lastdimension.es
spain,,PmXt6t5PXX0BEMigXvcmuADT6MzD,information technology and services,linkedin.com/company/dfactorybcn,barcelona,dfactory barcelona,catalonia,11-50,dfactorybcn.com
spain,,XI99HcVRUDrICimGUuXj8wVlXCIZ,information technology and services,linkedin.com/company/tianvi-publicidad-sl-,madrid,tianvi publicidad sl.,community of madrid,1-10,
spain,,vR4MCxvFqplRe4BbRgCjqwLKLzjr,information technology and services,linkedin.com/company/atmodular,,atmodular,,1-10,
spain,2002,qNmveBSF0KCg43WqX412jAuN3UQG,information technology and services,linkedin.com/company/dawo,madrid,dawo,community of madrid,201-500,dawo.es
spain,2014,u3hKnngXfR18HJU1NKG9XA6yJyjb,information technology and services,linkedin.com/company/lanvnet-solutions,mataró,lanvnet solutions,catalonia,1-10,lanvnet.com
spain,2008,SrK0JI7UnbBBBSuKyEn8qwON01Gt,information technology and services,linkedin.com/company/bionexo-iberica-sa,barcelona,bionexo ibérica s.a.,catalonia,1-10,bionexo.es
spain,2015,KYaH7j7eBaQTKO1B87ybIAx6AStn,information technology and services,linkedin.com/company/make-develop,oleiros,make develop,galicia,1-10,makedevelop.com
spain,2018,3WmgWq67J3TEcilLiCigIgvor1VK,information technology and services,linkedin.com/company/ucloudstore,barcelona,ucloud,catalonia,51-200,ucloudglobal.com
spain,2024,62MwBtZGW81MNrOUFgFgcwLaVqIr,information technology and services,linkedin.com/company/ready-bot-one,,ready bot one,community of madrid,1-10,
spain,2009,hqqE8teyo3SwVHNJe7NFiAtYEhmD,information technology and services,linkedin.com/company/geonostrum,guadalajara,geonostrum,castilla-la mancha,11-50,geonostrum.es
spain,,SypGxRmfigFkHqMWwPVYoQa0fAva,information technology and services,linkedin.com/company/notifresh.com,palma,notifresh.com,balearic islands,1-10,notifresh.com
spain,2008,ZjnevaGaLh4uotYpzEtbhAFOIVLr,information technology and services,linkedin.com/company/openhost,ourense,openhost s.l.,galicia,11-50,openhost.es
spain,,TlVr3a8PYZWxM8n88DQtmwlkYSKS,information technology and services,linkedin.com/company/iniker-s.a.,donostia,iniker s.a.,basque country,1-10,iniker.com
spain,,2BlJF8ikuZlmeOoqnCB2QgrfRT4p,information technology and services,linkedin.com/company/raqcuisine-gmbh-&-co-kg,madrid,raqcuisine gmbh & co. kg,community of madrid,1-10,
spain,,byI9saJhn6IAO6B0hpFkOQ31i6Y4,information technology and services,linkedin.com/company/boustead-group,madrid,boustead group,community of madrid,11-50,
spain,2017,WDReyZNGeI13CWUnvgqCzAwxIdUj,information technology and services,linkedin.com/company/suportic,san andrés de la barca,suportic,catalonia,1-10,suportic.cat
spain,2013,UzBa4Aw8CNRH030QJfwBQg051i9c,information technology and services,linkedin.com/company/closefunding,murcia,closefunding,region of murcia,1-10,closefunding.es
spain,2006,K7MAMTcTLpy2For0OcRpmgquj3kT,information technology and services,linkedin.com/company/winfastersistemas,paterna,winfaster sl,valencian community,11-50,winfaster.com
spain,1997,G0MRF3xxq7Xn62gH71R78wTZFaye,information technology and services,linkedin.com/company/grupo-antea,las rozas de madrid,grupo antea,community of madrid,11-50,grupoantea.com
spain,1991,l00o38jrS7msIhZ3uQs5nQDnH68g,information technology and services,linkedin.com/company/asgsa,madrid,asg loterias,community of madrid,11-50,asg.es
spain,1996,9K2TozDogHBT3tBVrw9gfQ7TB5fB,information technology and services,linkedin.com/company/3gh-informatica-integral-sl,madrid,3gh informatica integral,community of madrid,51-200,3gh.es
spain,,4fVnfBV0OCdHadiUsLQ6awFb66B4,information technology and services,linkedin.com/company/vereinsbank-victoria-bauspar-ag,madrid,vereinsbank victoria bauspar ag,community of madrid,11-50,
spain,,aeLeQoibYPB3FdSYfsA8hArQ3O5B,information technology and services,linkedin.com/company/americanwineryguide-com,madrid,americanwineryguide.com,community of madrid,1-10,americanwineryguide.com
spain,2013,PiqaMTBk3dNPWcD7vpg1IAahaUI9,information technology and services,linkedin.com/company/inlog-consulting,leioa,inlog consulting and solutions,basque country,11-50,inlogconsulting.com
spain,2022,9yRrRS5sGW3aDyEkH10gFgnYZlbx,information technology and services,linkedin.com/company/energy-student,catarroja,energy student,valencian community,1-10,
spain,2009,KF0QXxaChqRqT0ljl7Kg8Q9AevS9,information technology and services,linkedin.com/company/viafirma-s.l.,sevilla,viafirma,andalusia,11-50,viafirma.com
spain,,7gL9TOLNnyspviMC5RZj0A6DX3P9,information technology and services,linkedin.com/company/edumedia-limited,madrid,edumedia limited,community of madrid,11-50,topedumedia.com
spain,2008,zLBSNY03Hq6Saq7s2lx6GgaoGyTR,information technology and services,linkedin.com/company/elemental-ict,barcelona,elemental ict,catalonia,1-10,elementalict.com
spain,2011,JJhIDxCUkCsfQaEtyxZC6QA9sTb9,information technology and services,linkedin.com/company/navandu,,navandu technologies,community of madrid,11-50,navandu.com
spain,,NjsB15SC12xQlCv0gfQ8QgdLfZWO,information technology and services,linkedin.com/company/media-travel-technologies,madrid,media travel technologies,community of madrid,11-50,
spain,2020,n2PCw5RU8P26y0lSlSr5Eg1Ndzni,information technology and services,linkedin.com/company/nordest-consulting,españa,nordest consulting,community of madrid,1-10,nordestconsulting.com
spain,,4Hc9yDYe9Gm3j6fO4eM9sQMaF7HD,information technology and services,linkedin.com/company/beca-gestión,sevilla,beca gestión,andalusia,1-10,becagestion.com
spain,,oFk8QbjUS2IU30hjzrerHA1ftm7Z,information technology and services,linkedin.com/company/amp-solutions,,amp solutions,,1-10,
spain,2000,aKWgkBnBCkGYr0UCKakP3QdjOFA8,information technology and services,linkedin.com/company/donewtech-solutions-s.l.,donostia,donewtech solutions s.l.,basque country,11-50,donewtech.com
spain,2015,ibEOXr5Xfe3JSFuTiOUMhQFYpsuW,information technology and services,linkedin.com/company/tek-tank,humanes de madrid,tek-tank,community of madrid,11-50,tek-tank.com
spain,2010,r6TfyhUpOEWHn8hoXYtqAQFm8zw3,information technology and services,linkedin.com/company/blaunia,paterna,blaunia,valencian community,1-10,blaunia.com
spain,2013,SHkR0kEJSCSBP7wYaLXICAcmo9n8,information technology and services,linkedin.com/company/loozend,alcobendas,loozend,community of madrid,1-10,loozend.com
spain,,LC6yCb6AZ41dgMuil2S6vgilIwLv,information technology and services,linkedin.com/company/max-gain-development,málaga,max gain development,andalusia,1-10,
spain,2001,ir6BLbrbyeFwv7oFb0PNnQ7GXsB5,information technology and services,linkedin.com/company/tecnología-gallega-y-comunicación-s-l-,ourense,tecnología gallega y comunicación s.l.,galicia,1-10,visualq.es
spain,2002,Kj42QROOKlXaAI28g5XzgAXbCpar,information technology and services,linkedin.com/company/bjlive,barcelona,bjlive!,catalonia,11-50,bjliveat.com
spain,2012,uWVoGKPtvxbnWRleFGzECgj3aIvM,information technology and services,linkedin.com/company/social-currencies-management--scm,girona,social currencies management- scm,catalonia,1-10,socialcurrenciesmanagement.com
spain,2008,O6b4mnazkBDfXUoRvQpRPQqEdHkj,information technology and services,linkedin.com/company/grupo-ares,,grupo ares,,11-50,grupoares.com
spain,1989,ejhIv5Hm7G24hWXw1PjXsAuQNYpT,information technology and services,linkedin.com/company/ateinco,,ateinco,community of madrid,1-10,ateinco.com
spain,,v1QbROozimPMVTXqx4H58gmAXtBG,information technology and services,linkedin.com/company/bernard-sands-llc,madrid,"bernard sands, llc",community of madrid,11-50,
spain,1993,6EYED7pALRnQBQGBQSBrfg2dStjP,information technology and services,linkedin.com/company/grupo-entorno-documental-sa,picasent,gedsa-servicios de gestión documental.,valencian community,51-200,gedsa.es
spain,2015,XZu2DPCCzJ7JWtDdYy9vVAOLyWlR,information technology and services,linkedin.com/company/venzocrm,vigo,venzo crm,galicia,1-10,venzocrm.com
spain,,1ta5ZVHRIAjVDyLiY3j9hwMGAJYw,information technology and services,linkedin.com/company/essex,madrid,essex,community of madrid,11-50,
spain,2014,yp8W4cwPCmVuzHgOAuBVxAljRuvK,information technology and services,linkedin.com/company/datiful,barcelona,datiful: business processes & data science,catalonia,1-10,datiful.net
spain,,5TmnV03FsbEwBGkLWT52TwmMZn6z,information technology and services,linkedin.com/company/carma-business-solutions,madrid,carma business solutions,community of madrid,11-50,
spain,2003,ltgySh56O27C6CUEdfPReAeVJeh7,information technology and services,linkedin.com/company/gestiweb-s.l.,onteniente,gestiweb integración de soluciones web sl,valencian community,11-50,gestiweb.com
spain,2018,pmg5qHqgzu0fHdZbzA1tbQwnMM1B,information technology and services,linkedin.com/company/8mdnm-consulting,vitoria-gasteiz,8mdnm consulting,basque country,1-10,
spain,1996,FblupEZjKer86pDtUtiJCQ3dKcs4,information technology and services,linkedin.com/company/master-cad-sistemas,gandia,master cad sistemas,valencian community,51-200,mastercad.es
spain,,UsNwbAIBsyLgFv5qsDqDCg9cAPuL,information technology and services,linkedin.com/company/teo-tech,barcelona,teo tech,catalonia,1-10,teotechdata.com
spain,2021,5Iiu2bqdhJkNfgLlVjtxQwngjXqN,information technology and services,linkedin.com/company/neotalento,zaragoza,neotalento,aragon,1-10,neotalento.com
spain,2014,LOlQxuopaQQ5OBO7pZ02vAK3DnZW,information technology and services,linkedin.com/company/brunbit-consulting-group-sl,barcelona,brunbit consulting group,catalonia,1-10,brunbit.com
spain,,E6OJYIzqeguqUCWLL4qgEwVmwi3j,information technology and services,linkedin.com/company/kuwait-enterprises-house,madrid,kuwait enterprises house,community of madrid,1-10,
spain,,8qc3kl21TNtWFneCASurYwcEKRl6,information technology and services,linkedin.com/company/bioinformatics-barcelona,barcelona,bioinformatics barcelona,catalonia,1-10,bioinformaticsbarcelona.eu
spain,2010,cZDSCa0DRCr2dy3EcWgpCQbjdN8N,information technology and services,linkedin.com/company/operin,zaragoza,"oper-in, operadora independiente de innovación y marketing, s.l",aragon,1-10,operinmkt.es
spain,2022,g0hcZP3j1X0MBIfVq7jDFQeh3d6o,information technology and services,linkedin.com/company/capa-blanca,alicante,capa blanca,valencian community,1-10,capablanca.eu.com
spain,,4ffopZPzWrxOL4YS3mCadgxb5nXf,information technology and services,linkedin.com/company/infonova-soluci-ns-de-negocio,noia,infonova solucións de negocio,galicia,11-50,
spain,2003,zFgwZtdBk9YijnSNpBWMOwSu86TR,information technology and services,linkedin.com/company/sant-feliu-on-line,san felíu de llobregat,sant feliu innova,catalonia,1-10,
spain,,5Uy5BBy01EHJ0bQrN0uagQUUFBmB,information technology and services,linkedin.com/company/catapullt-gmbh-&-co-kg,madrid,catapullt gmbh & co. kg,community of madrid,1-10,
spain,,rSCtKCsa0WpEBh2JlHoMRQhiQ2hO,information technology and services,linkedin.com/company/estratecno,tres cantos,estratecno,community of madrid,11-50,estratecno.com
spain,,TKJlxsPTGADNoZdYqv6tygsOn4LI,information technology and services,linkedin.com/company/reformers-for-steve-poizner,madrid,reformers for steve poizner,community of madrid,11-50,
spain,,y5aJ1PtC8xITxu75U43VCAOuzqbp,information technology and services,linkedin.com/company/coast-hotels-and-casinos-inc-,madrid,"coast hotels and casinos, inc.",community of madrid,11-50,
spain,2001,bne1jOQP9Wq71hcRNP6FkwVQxppu,information technology and services,linkedin.com/company/soportebankoi-s.l.,palma,soportebankoi s.l.,balearic islands,11-50,
spain,,Ineqhqd8KHFcXEqXVl07EwJnWyek,information technology and services,linkedin.com/company/zaab-arkitektura-bulegoa,,zaab arkitektura bulegoa,,1-10,zaabarkitektura.com
spain,,5q6zaCdkuxI2ZKO2ikZeiwNzDf4o,information technology and services,linkedin.com/company/logisfarma-s.l,san sebastián de los reyes,"logisfarma , s.l",community of madrid,1-10,logisfarma.com
spain,,MmBrq7UXrA7zwSRU44HlQgXS3rRL,information technology and services,linkedin.com/company/ammico-contracting-co-,madrid,ammico contracting co.,community of madrid,11-50,
spain,2010,urhwKp5LCrCFpl6BTZAuFgG5XB53,information technology and services,linkedin.com/company/innova-creaciones,sevilla,innova creaciones,andalusia,1-10,innovacreaciones.es
spain,2006,AcDzXqE3luddUJ0PaHui2wVgiWbK,information technology and services,linkedin.com/company/gesarce-proyectos-y-consultoria-sl,cabezón de la sal,gesarce proyectos y consultoria sl,cantabria,1-10,gesarce.com
spain,2018,xHbVl1cTUxHS5zYzCsC5kwRJwgZI,information technology and services,linkedin.com/company/shapelets,madrid,shapelets,community of madrid,11-50,shapelets.io
spain,2009,SMQqRLFlirmBfrSkiu5d6A3FlxOj,information technology and services,linkedin.com/company/frank-castizo-s-l-u,la palma del condado,frank castizo consulting,andalusia,1-10,frankcastizo.wordpress.com
spain,,Nb2iSmNL2qQduqUbnKCT5wrrMx8Q,information technology and services,linkedin.com/company/sulime-diseño-de-soluciones,,sulime diseño de soluciones,,1-10,
spain,2009,wNf6EEQ7B3f8WQJyvN5aVwL0eZHS,information technology and services,linkedin.com/company/globaletaxi,,etaxi,canary islands,11-50,globaletaxi.com
spain,2007,CaJZBBTBPIaMmCDRiWIrwgN3LIT2,information technology and services,linkedin.com/company/kmereon,barcelona,kmereon,catalonia,1-10,kmereon.com
spain,,AeBi9TlCuuws6ujw721roAsuYyaj,information technology and services,linkedin.com/company/laberit,valencia,lãberit,valencian community,1001-5000,alfatecsistemas.es
spain,,ooOBpDMSPxdwDERRXz83PQA83gJF,information technology and services,linkedin.com/company/cks-software-solutions,madrid,cks software solutions,community of madrid,1-10,ckssoftwaresolutions.com
spain,2015,5FYWdWPidODC93c43ziCJgaifihT,information technology and services,linkedin.com/company/tle-consulting-europe-s-l-,fuengirola,tle consulting europe s.l.,andalusia,1-10,tleconsulting.eu
spain,2015,ugBx0pQNUzzhzWUxMbdhnQ5NwpH7,information technology and services,linkedin.com/company/timtul,barcelona,timtul technologies,catalonia,1-10,timtul.com
spain,,9BLRErcirfwbX9EafztM8Q1WFo9i,information technology and services,linkedin.com/company/ar-ingenieria-del-norte-s-l,gijon,"ar ingenieria del norte,s.l",asturias,1-10,
spain,2003,ECFY47cfSFBN6lZ8d0EKWg8TZr2i,information technology and services,linkedin.com/company/thunderbook,san cugat del vallés,thunderbook,catalonia,1-10,thunderbook.es
spain,,j42wo2O4RTK2B8m1Hg1CTA1UGveg,information technology and services,linkedin.com/company/becreative-guru,barcelona,becreative.guru,catalonia,1-10,becreative.guru
spain,2022,MUqNTrIBFfdfVyyX0C8h0Q1qCXVG,information technology and services,linkedin.com/company/fuentech-soluciones-it,la chopera,fuentech soluciones it,basque country,1-10,fuentech.es
spain,2019,hQUIb8qMwKLszBb3mHi8swYp7Eap,information technology and services,linkedin.com/company/tembeza,barcelona,tembeza international,catalonia,11-50,tembeza.com
spain,2005,DfX7YZxpsaMbCClcAB5fhwrvYvuy,information technology and services,linkedin.com/company/brain2store-s-l-,san cugat del vallés,brain2store,catalonia,11-50,brain2store.com
spain,2019,Y1fcH3QxQKncgY4RAYzurAFz1hex,information technology and services,linkedin.com/company/dealmarketmobile,,dealmarketmobile,community of madrid,1-10,dealmarketmobile.com
spain,,RiJI7kgRgRVtEJCe1KMlGgpt2S2a,information technology and services,linkedin.com/company/newproject-networking-s.l.,san celoni,newproject networking s.l.,catalonia,1-10,newproject.cat
spain,2017,hfOAPq5LONxFHhVfd0CBcQ31pSOI,information technology and services,linkedin.com/company/sinergiaupgrade,lleida,sinergia&upgrade - asesores en servicios integrales online,catalonia,1-10,sinergiaupgrade.com
spain,,GEmLFiBbG1fssdC19x9RjAycY12a,information technology and services,linkedin.com/company/isowat,bergondo,isowat,galicia,11-50,isowat.net
spain,1994,49x36jrVOL0oaBV98kHvEgsOq0jc,information technology and services,linkedin.com/company/in2---ingenieria-de-la-informacion,barcelona,in2 ingenieria de la informacion,catalonia,51-200,in2.es
spain,,tgxqVeCRYm9GQCiUMh2JCQrqrAbY,information technology and services,linkedin.com/company/professional-coded-solutions-s.l,fuenlabrada,"professional coded solutions, s.l",community of madrid,1-10,
spain,2012,0y5RcDSvcjbi61SRCD2DBQdd6TKo,information technology and services,linkedin.com/company/tprotege-solutions-sl,alcantarilla,tprotege solutions,region of murcia,1-10,tprotege.es
spain,2000,jEBRnCoeDlmfpdtoYQqY9QoF22bj,information technology and services,linkedin.com/company/coordina,barcelona,coordina,catalonia,51-200,coordina.com
spain,2012,Q4m3P4GV3Zpxzvhj38SPPA6W5BhC,information technology and services,linkedin.com/company/quonext,san cugat del vallés,cei europe,catalonia,51-200,ceieu.com
spain,,E04MKOV3Yf7DElfBVKV8BAoXxyl6,information technology and services,linkedin.com/company/ultus-innovation,soria,ultus innovation,castilla and león,1-10,ultus.es
spain,,acytD0VV41jWfuUlTRrL5A1sClxY,information technology and services,linkedin.com/company/sosecal,valladolid,sosecal,castilla and león,1-10,sosecal.es
spain,,J8ST1CtGcbt4OYiINky3CAkUH6gY,information technology and services,linkedin.com/company/tec-informàtica,cassá de la selva,tec informàtica,catalonia,1-10,cassa.com
spain,,HVB5ZBzUZjL6UAtyRNSECwQTxI1z,information technology and services,linkedin.com/company/dansof-business-solutions,alcobendas,dansof business solutions s.l.,community of madrid,1-10,dansof.es
spain,,GEcWFHnQJCEgkFnYrtnQTgfuWHF2,information technology and services,linkedin.com/company/kvasar-scaled-agile-management,barcelona,kvasar technologies,catalonia,1-10,kvasar.tech
spain,,x0WqqqUrSkEIDUEfzVdhRghY7MM7,information technology and services,linkedin.com/company/slg-everscreen-ab,madrid,slg everscreen ab,community of madrid,1-10,
spain,2016,XpM9LBtTT8ohK2XdH5xc4AQwi1zf,information technology and services,linkedin.com/company/fvcconsulting,humanes de madrid,fvc consulting,community of madrid,1-10,fintechventureconsulting.com
spain,2017,V1o4qZVw7r2f5YOYAQS4KQ46iw1A,information technology and services,linkedin.com/company/femcim,l'hospitalet de llobregat,eduardo millán,catalonia,1-10,eduardomillan.com
spain,,tVCbT3wSeJjmmsdpHjKCuANINd5f,information technology and services,linkedin.com/company/one-digital-consulting,,one digital consulting,community of madrid,1-10,digitalcoaching.co.za
spain,,tt5s772W5tCv2bEXyv3KRgFkFJG3,information technology and services,linkedin.com/company/alphasys-s-a-,madrid,alphasys s.a.,community of madrid,11-50,alphasys.fr
spain,2012,0sRguks1pBFakeckhNlmDwmiyQ80,information technology and services,linkedin.com/company/movetia,barcelona,movetia,catalonia,51-200,movetia.com
spain,2019,8tLDtvSCx5Vff5gIsJHuKw9bvCsE,information technology and services,linkedin.com/company/decody-software,málaga,decody software,andalusia,1-10,decodysoftware.com
spain,2012,Pb6arMbSQx8QRJm4510eEwgUW3Z0,information technology and services,linkedin.com/company/igoo-solutions,palma,igoo,balearic islands,1-10,igoo.es
spain,,cHiq0AXgGCyr0gROPFqB0QhVPeP4,information technology and services,linkedin.com/company/lri-global,dos hermanas,lri global,andalusia,1-10,
spain,2019,4FNBsMkzhHj3r1OSW2yX7g32VIyR,information technology and services,linkedin.com/company/faytheconsulting,castello de la plana,faythe consulting s.l.,valencian community,1-10,faytheconsulting.com
spain,2006,F5JIC1DpWCPxQ06xTQp0ywgHZJ3K,information technology and services,linkedin.com/company/klinikcenter,,klinik,,51-200,klinikcenter.com
spain,,Z27dBCPdhbLr8mUoKvWwQwJrbbJg,information technology and services,linkedin.com/company/doneiteasy,l'hospitalet de llobregat,doneiteasy,catalonia,1-10,doneiteasy.com
spain,,zvhGxFWxRGLJNvU98yCRTAVZg6FX,information technology and services,linkedin.com/company/serinmad-servicios,,serinmad servicios,community of madrid,1-10,serinmad.com
spain,,7rBCMaCFhGwSJ48AFfOIEACQu4NC,information technology and services,linkedin.com/company/global-amp,madrid,global amp,community of madrid,1-10,globalamp.com
spain,2017,d8GCbG8R2Mnm1X9jHWDqkAefMH5X,information technology and services,linkedin.com/company/iclickinu,algeciras,iclick inu,andalusia,1-10,iclickinu.com
spain,2016,9dBKynWhFYOsR0j2NGTVcAmE8ke3,information technology and services,linkedin.com/company/entra-y-visita-virtual-tours,madrid,entra y visita - virtual tours,community of madrid,1-10,entrayvisita.com
spain,,iXG40fpjzcSYIYmw9H8BVAlKwrzm,information technology and services,linkedin.com/company/ggnsc-administrative-services-llc,madrid,ggnsc administrative services llc,community of madrid,1-10,
spain,,DmVeS0AnD9bwExBUl2OZBQjJrHS4,information technology and services,linkedin.com/company/informática-para-tu-empresa,,informática para tu empresa,community of madrid,1-10,informaticaparatuempresa.com
spain,2005,wFiCGhedjywd1Yi0QPCnFAMyp3ty,information technology and services,linkedin.com/company/conpas-net,madrid,conpas.net,community of madrid,11-50,conpas.net
spain,,v0X5eZMQtGa4SJjW5SyyYgBnkEJK,information technology and services,linkedin.com/company/servei-de-dns-públic-de-puntcat,barcelona,servei de dns públic de puntcat,catalonia,1-10,servidordenoms.cat
spain,,ZUaW3oLEp7YjIlqlBHUpPAQtBYcQ,information technology and services,linkedin.com/company/nak-electronics-s-a-,vigo,"nak electronics, s.a.",galicia,1-10,nakelectronics.com
spain,2004,jgB651FSrPrKqfT3F2LQ5QUz4i71,information technology and services,linkedin.com/company/qnap-portugal,alcobendas,qnap portugal,community of madrid,1001-5000,
spain,,UhVCS5R5kuVN5h7v1OQ0HAYXYkg2,information technology and services,linkedin.com/company/bench-on-demand,madrid,bench on demand,community of madrid,1-10,
spain,,v9RbGhLigIJK48zG7zgRtw7i7qPW,information technology and services,linkedin.com/company/orbita-cloud,,orbita cloud,community of madrid,1-10,orbitacloud.com
spain,2015,CoKCaFefNsCthz8KHs8EAAwdTrWY,information technology and services,linkedin.com/company/bd4bs,,bd4bs,community of madrid,1-10,bd4bs.com
spain,,tmu7eLtLaeDYgFGxhJVCKw51T5r9,information technology and services,linkedin.com/company/codeservicepro,tarragona,code+service,catalonia,11-50,codeservice.pro
spain,,5hsBCLo0igOZtXdKYGzRugiRhgCd,information technology and services,linkedin.com/company/impulsa-informática,valdemoro,impulsa informática,community of madrid,1-10,impulsainformatica.es
spain,2011,PkMg4CfC3eqFxkKxiAOuhA3ecAlA,information technology and services,linkedin.com/company/sunrisehs,,sunrise aplicaciones y servicios,,1-10,sunrisehs.com
spain,2003,wn9FHq2kLhV4ODHUo0gDHAsvyIiP,information technology and services,linkedin.com/company/relojes-especiales,,relojes especiales,,1-10,relojes-especiales.com
spain,2013,VBOw5XcSy6PN0WNhV4uxyArDJLNt,information technology and services,linkedin.com/company/cubecutsoftware,alicante,cubecut software,valencian community,1-10,
spain,,eMBAYSNnWDjudPDg3htDqApU66Uj,information technology and services,linkedin.com/company/partsurf-nz-limited,madrid,partsurf nz limited,community of madrid,1-10,partsurf.co.nz
spain,1995,0uFt1nu3TltWPNRlVqEhAAVX8Wk0,information technology and services,linkedin.com/company/business-process-reengineering,madrid,bpr business process reengineering,community of madrid,11-50,bpr.es
spain,2010,nBH8hLAsA2gmcGcrBzrCgAduWwsd,information technology and services,linkedin.com/company/efedoble,santiago de compostela,efedoble,galicia,1-10,efedoble.com
spain,,pckEJwBBDtPEVRB1nW99hQPGuWsk,information technology and services,linkedin.com/company/remote-sensing-research,madrid,remote sensing research,community of madrid,11-50,rsr.org
spain,,VNeLNVvrB9ZIraZpgk1ECgEnzc16,information technology and services,linkedin.com/company/infofly,campanet,infofly,balearic islands,1-10,infofly.es
spain,2018,5BLFfCVWlo5ZaMFEREHCjw34a0ZI,information technology and services,linkedin.com/company/squareetlabs,santiago de compostela,squareetlabs,galicia,1-10,squareet.com
spain,,t2FijYbWeNXmCBPh2z8aJgKikYJq,information technology and services,linkedin.com/company/red-mars-transformación-digital,barcelona,red mars - transformación digital,catalonia,1-10,redmars.es
spain,2008,KMSRhZUsAL2WMNIy8DXIHQWofVmS,information technology and services,linkedin.com/company/tomatic,málaga,tomatic,andalusia,1-10,tomatic.es
spain,,PaVOEI6J81OaUw650HugBA2PhD6O,information technology and services,linkedin.com/company/wilken-informationsmanagement-gmbh,madrid,wilken informationsmanagement gmbh,community of madrid,11-50,
spain,2024,UmhUY6KDk5DgXjC5nuiuuwIR4xw9,information technology and services,linkedin.com/company/oscarbano,terrassa,oscarbano,catalonia,1-10,oscarbano.com
spain,2012,8jZXW65W4UqHBhDOsCN3PA46EEPY,information technology and services,linkedin.com/company/it-worx,calviá,it worx,balearic islands,1-10,itworx.es
spain,2017,PCZxqKeJv1tsLVf3tLE0RgU3Q3fU,information technology and services,linkedin.com/company/cspservicessl,madrid,cloud solutions professional services s.l.,community of madrid,1-10,cspservices.com.es
spain,,OIlns0kQFJ1bfNkzXtqRng5v9wRm,information technology and services,linkedin.com/company/wp-curve,madrid,wp curve,community of madrid,1-10,
spain,2021,7ZaKUtxBo4RUKcvT5lD1pQvMWml0,information technology and services,linkedin.com/company/bonboarding,barcelona,bonboarding,catalonia,1-10,bonboarding.com
spain,2003,mCy5D1GT13BlYxMUa2ki8wCyYFEU,information technology and services,linkedin.com/company/dual-solution-sl,,dual solution sl,community of madrid,1-10,dualsolution.com
spain,1983,R1oXWXMjGvqVTho1SCT66A6CXgWh,information technology and services,linkedin.com/company/aitana,valencia,aitana,valencian community,201-500,aitana.es
spain,2018,VaBeEtuUChB0frKF45U4QwZDapRj,information technology and services,linkedin.com/company/eidikscc,martorell,eidik smart consulting center,catalonia,11-50,eidikscc.com
spain,2019,APwvfLw93a3fEiancVba2woe6Glj,information technology and services,linkedin.com/company/inferup,barcelona,inferup,catalonia,1-10,inferup.ai
spain,1969,oKuPhFicBj0qBKdgeEFdLgyWPdvq,information technology and services,linkedin.com/company/gesisa-s-l-,barcelona,gesisa s.l.,catalonia,11-50,gesisa.net
spain,2010,GCQcBnTQBGQnma6yaL8PzAwUW64E,information technology and services,linkedin.com/company/ianizate,barcelona,trobalit,catalonia,11-50,trobalit.com
spain,,U28On0paJsCBF97dLzlICglt3bEY,information technology and services,linkedin.com/company/audiosigno.,mérida,audiosigno.,extremadura,1-10,audiosigno.com
spain,1988,BfBlrPCtDDn841WQiqOkGwaQQzrU,information technology and services,linkedin.com/company/ventura-espejo-tecnologia,lucena,ventura espejo tecnología,andalusia,11-50,venturaespejo.com
spain,,Fpfv7AaPCJMfIMQa8FbPTQN0Io2n,information technology and services,linkedin.com/company/datagesconsulting,valladolid,datages consulting,castilla and león,1-10,datagesconsulting.com
spain,2017,d7jkNHRWCo1amx6fkfx0xwg8HAUz,information technology and services,linkedin.com/company/atactic,barcelona,atactic,catalonia,1-10,atactic.io
spain,2022,dGiwvAXXJctTtFAwZPsrcAQv88Y6,information technology and services,linkedin.com/company/kdtek,galdácano,kdtek sales & service s.l,basque country,1-10,kdtek.es
spain,,zC81x8LNGa9je4VzG8w3aQuTi3OZ,information technology and services,linkedin.com/company/randock-web-development,carrer del mar,randock web development,valencian community,1-10,randock.es
spain,,N6YuLH08akY3AS2viJ3wtw04JkbJ,information technology and services,linkedin.com/company/pragmites-internet-consulting,madrid,pragmites internet consulting,community of madrid,11-50,
spain,2015,v2hKnG86Nq06Xty9e01GUQeYeDWJ,information technology and services,linkedin.com/company/ohdigital,la guardia de jaén,ohdigital,andalusia,1-10,ohdigital.tv
spain,2019,nnenPE6EQN0MOQIBMX17WQPnb83O,information technology and services,linkedin.com/company/indomotiv,humanes de madrid,indomotiv,community of madrid,1-10,indomotiv.com
spain,,dUJVM5BvSxaiFmQ0wMxIhwBZpLmz,information technology and services,linkedin.com/company/cremas-cosmeticos,,cremas cosmeticos,,1-10,
spain,,9Ea0EqHHxAAeUljeNKCmOAxGT8a5,information technology and services,linkedin.com/company/codatogestion,granada,codato gestión,andalusia,1-10,codato.es
spain,2014,fL0q9wHqhDbJGj0COyqR7AGEDINc,information technology and services,linkedin.com/company/fieldeas,españa,fieldeas,community of madrid,11-50,fieldeas.com
spain,2022,dSGUJ4OgDSvom41N45pFRQRJ5Esi,information technology and services,linkedin.com/company/coc-cloud,barcelona,coc.,catalonia,1-10,
spain,,3qWKzWCIVwtJqHWc9c2nrQu8wSwy,information technology and services,linkedin.com/company/victory-information-tech-limited,madrid,victory information-tech limited,community of madrid,1-10,stardust-design.co.nz
spain,,kYKnp0i3k88qL0oK20bphgOxXBqn,information technology and services,linkedin.com/company/eterneum,,eterneum,community of madrid,1-10,eterneum.io
spain,1997,OekOFwoat1dQCUi37FXvBgj0ZEZj,information technology and services,linkedin.com/company/gesmae-informatica,bilbao,gesmae informatica,basque country,1-10,gesmae.com
spain,2014,bC6dT0fqmVBY9KmFloXAvA0H54In,information technology and services,linkedin.com/company/bibold,veinat de can trona,bibold: the big data & ai enabler,catalonia,11-50,bibold.com
spain,2010,HNH1bzcRGSBRk5XP2eHS2wUNdsVb,information technology and services,linkedin.com/company/saroolu-it-security-tech,madrid,saroolu consulting,community of madrid,1-10,saroolu.consulting
spain,2022,4OxN8L1RX1B2pLZft81r4QxOA4gJ,information technology and services,linkedin.com/company/aguian,coruña,aguia analítica avanzada,canary islands,1-10,aguian.com
spain,2014,9yf6z1ii435CC697u8CWRASctmMJ,information technology and services,linkedin.com/company/wemob,españa,wemob,community of madrid,11-50,wemob.es
spain,,zNBE5O10ANCGw96CSc6S0wDYhpYz,information technology and services,linkedin.com/company/nexmot-digital-sl,madrid,nexmot digital,community of madrid,1-10,nexmot.com
spain,,CoF9kbAuJjt3K2mxPV7FtQHTFR0W,information technology and services,linkedin.com/company/seiver-fleet-management,valencia,seiver · fleet management,valencian community,11-50,
spain,2012,Gp2CJXwxIyWg3aTcN2DBCwXTZUSC,information technology and services,linkedin.com/company/enerbyte,san cugat del vallés,enerbyte smart energy solutions,catalonia,1-10,enerbyte.com
spain,2013,bIXfBYndWPeWPhsCLXi5uwCIuBLC,information technology and services,linkedin.com/company/finetechnology,las rozas de madrid,fine technology,community of madrid,1-10,finetechnology.es
spain,,H4oPg2LqKoVAdjCFpLCbXwLlpP9h,information technology and services,linkedin.com/company/instancia2-soluciones-tecnológicas-sl,,instancia2 soluciones tecnológicas sl,,1-10,instancia2.es
spain,2017,gj7mwKI9CquwiYddEKnqgAw9Gjof,information technology and services,linkedin.com/company/volungo,castellar de nuch,volungo,catalonia,1-10,volungo.com
spain,2021,rrYyXvTLzReoz7OHgC9CpAlJIibv,information technology and services,linkedin.com/company/proactivatic,hospitalet,proactivatic,catalonia,1-10,proactivatic.com
spain,1985,q1sWoiZjABxy3iqE33P44wqYuMgv,information technology and services,linkedin.com/company/gpic-s.l,sevilla,gpic s.l,andalusia,1-10,
spain,,i9CNRZtSrQUXIMxZU1dvfAd0jhZZ,information technology and services,linkedin.com/company/webpix-solutions,madrid,webpix solutions,community of madrid,11-50,webpixsolutions.com
spain,,fSI8j5AHUXOVR5c0rYUhKQ93gxX1,information technology and services,linkedin.com/company/united-pacific-drilling,madrid,united pacific drilling,community of madrid,11-50,
spain,,7sLxpKuApr5UHC1xWk7CIQ9GkFWH,information technology and services,linkedin.com/company/smartwall1,logrono,smart wall,la rioja,501-1000,smartwall.es
spain,2008,euQm5pfcOlKAE8Jl1vsrgwydbS5Y,information technology and services,linkedin.com/company/genuix-audio-s-l-,málaga,genuix audio s.l.,andalusia,1-10,genuix.es
spain,,lHg5QejMkzCoeslwGCOXGAE2lPix,information technology and services,linkedin.com/company/privacy-data,oviedo,privacy data,asturias,1-10,protegedatos.com
spain,,oRkGaTx6wd6lwCTIiKCqZgkDLhvg,information technology and services,linkedin.com/company/heidelberg-americas-inc,madrid,heidelberg americas inc,community of madrid,1-10,
spain,2019,WR35Ui0lgoePj56kqZfJwgsHhx9t,information technology and services,linkedin.com/company/konversatio,cadiz,konversatio,andalusia,1-10,konversat.io
spain,2018,7GkcSKwbS7m4sl0rIiekZgGZibC9,information technology and services,linkedin.com/company/puritic-consulting,albacete,puritic consulting,castilla-la mancha,1-10,puritic.com
spain,1996,ItcWwEu9suJkBJ5YxI3YowcIEBhl,information technology and services,linkedin.com/company/cosmo-consult-spain,sabadell,cosmo consult spain,catalonia,501-1000,
spain,,rpxgbFKjXvJ7lxxcFs68pwUJ2uoi,information technology and services,linkedin.com/company/solengas-industrial,albolote,solengas industrial,andalusia,1-10,solengas.com
spain,2016,TvNFsbZnPfw4sTbQ5IBYNAFCnyE3,information technology and services,linkedin.com/company/visionapp-org,murcia,vision.app (we care for your eyes),region of murcia,1-10,vision.app
spain,,rx4vsDgN1GnGRZmN2sDodwZehdZe,information technology and services,linkedin.com/company/it4bpm,vendrell,it4bpm,catalonia,1-10,it4bpm.com
spain,2019,q9RZkQPwxanCjFQbPD7ABgiRhMhD,information technology and services,linkedin.com/company/irc-testing,rincón de la victoria,irc testing,andalusia,1-10,
spain,,ghLcvphGfN5HDCkM17KsZwDx4MV8,information technology and services,linkedin.com/company/cinco-think-and-co,salamanca,cinco. think and co.,castilla and león,1-10,estudiocinco.es
spain,,hlHa3PM03otLaIT1HOtm8AeI0uWW,information technology and services,linkedin.com/company/char-desarrollo-de-sistemas-s.l.,mataró,"char desarrollo de sistemas, s.l.",catalonia,11-50,
spain,2005,BuZ82fB9rSMhjFITnb3IrgAfJDk8,information technology and services,linkedin.com/company/sort,,sort,community of madrid,1-10,e-sort.net
spain,,zdzryHCViuUb12IAhHZbrAQPNTxr,information technology and services,linkedin.com/company/sbrinna,san cugat del vallés,sbrinna,catalonia,11-50,sbrinna.com
spain,,b0WxmKZ5EKSOjByA2DH8aQERDVDF,information technology and services,linkedin.com/company/styler-design,madrid,styler design,community of madrid,11-50,stylerdesign.com
spain,2017,VZqHaErm1nOHtHGhhh9F6ACIfQ8A,information technology and services,linkedin.com/company/finantiare,málaga,finantiare,andalusia,11-50,finantiare.com
spain,2011,VlgRabZRcKIdx6rSQNtv3Qs9vSjc,information technology and services,linkedin.com/company/invointech,madrid,invoin technology,community of madrid,51-200,
spain,2004,6oysd6BcqICMopaSc4KZmwHZKxBS,information technology and services,linkedin.com/company/lightsound,barcelona,lightsound group,catalonia,51-200,lightsoundgroup.com
spain,2010,cgL5RRYzZ1PfyOUHZ6HJbAAHa8ac,information technology and services,linkedin.com/company/proceedittrading,barcelona,"proceedit \the bpaas company\""""",catalonia,11-50,proceedit.com
spain,,k9HyBBJCiZPM6JbdTnewJAU9TFg8,information technology and services,linkedin.com/company/infortronica,,infortronica,,1-10,infortronica.com
spain,,3VAhNXre7u9EZCfVeBItoQdxgqpp,information technology and services,linkedin.com/company/studec-technologies-india-pvt-ltd-,madrid,studec technologies india pvt. ltd.,community of madrid,11-50,studecindia.com
spain,1997,KunQEPDJKqFu5UbvsyEA9wQsTVNj,information technology and services,linkedin.com/company/computer-aided-logistics,madrid,computer aided logistics,community of madrid,1-10,calogistics.com
spain,1999,srwFYPl0tNSVRZCFoh1rPA0Ru5Hk,information technology and services,linkedin.com/company/ofinetsl,burgos,"ofinet software y sistemas, s.l.",castilla and león,1-10,ofi-net.com
spain,2015,mqS7ntdAypdQBpVJCCLybQYHNLmj,information technology and services,linkedin.com/company/freevia,el puig,freevia,valencian community,11-50,freevia.es
spain,2010,U6VxESOf4BTpMwNGW9gnjANq1u86,information technology and services,linkedin.com/company/the-oaksteam-doxtm-,castelldefels,oaksteam (oxtm),catalonia,1-10,oxtm.biz
spain,,Z2GYzZDZ6VxTTl1fBBCGPgtx2LVo,information technology and services,linkedin.com/company/dgs-digisystemtechnologies,málaga,dgs - digisystem technologies,andalusia,11-50,dgstec.com
spain,2021,IN3Jl433KaCBFJnVpxckYA6tDQ8k,information technology and services,linkedin.com/company/mov365pro,,mov365pro,valencian community,1-10,mov365pro.com
spain,2007,pTlL58XBCZsxpGgwCEU0MApaTQnX,information technology and services,linkedin.com/company/luqentia,elche,luqentia,valencian community,1-10,luqentia.es
spain,2005,eXBQtjZEgjuWWd6Vr0rgZwEs7LXw,information technology and services,linkedin.com/company/conetic,madrid,conetic,community of madrid,1-10,conetic.info
spain,2010,FtoKrlcG7pZ8N5fTn1gopgG8Vvoa,information technology and services,linkedin.com/company/new-ui-bcn,barcelona,uxland,catalonia,11-50,uxland.es
spain,,dTdXF2aAjZ83MKjqBS3v9AUiB7cy,information technology and services,linkedin.com/company/manappuram-comptech-and-consultants-private-limite-d,madrid,manappuram comptech and consultants private limite d,community of madrid,11-50,mactech.net.in
spain,2005,qN7BTR002iSx0x0sCN3jJw7aTrUg,information technology and services,linkedin.com/company/infomego2005-s-l-l-,vejer de la frontera,infomego,andalusia,1-10,infomego.com
spain,2005,sxsjXxIjlB7M6XwQUzp2PwPOHAEJ,information technology and services,linkedin.com/company/open3s,barcelona,open3s,catalonia,11-50,open3s.com
spain,,suQC2CpLGBcTgHHIxLlyKQDVhz69,information technology and services,linkedin.com/company/476-development,barcelona,476.works,catalonia,1-10,476.works
spain,2015,3m6dQIWaUfLS2P42SnGbLAmMH7Yb,information technology and services,linkedin.com/company/eye-t-srl,madrid,eye-t,community of madrid,1-10,gestionamas.com.ar
spain,2022,AHfxBKBbfs6GOUe6yFfJgwyeNgCK,information technology and services,linkedin.com/company/sis-proyectos-energía,las palmas,sis proyectos energía,canary islands,1-10,sisproyectosenergia.com
spain,2020,XoNkZ8bA3S27AY0Dt9FBdw91PVo7,information technology and services,linkedin.com/company/solar-mas,xirivella,solar mas,valencian community,11-50,
spain,2017,q0YcvbBRax2s5yvyz2qMCAhqlHUd,information technology and services,linkedin.com/company/mathmind,madrid,mathmind,community of madrid,11-50,mathmind.es
spain,,twahK3F9sSHC7uitaNk1yw774QaY,information technology and services,linkedin.com/company/energía-españa,salamanca,energía españa,castilla and león,1-10,energiaespana.com
spain,2019,vFZ35qz5OhxWvicULYVsNAY3AtyZ,information technology and services,linkedin.com/company/nextmol,barcelona,nextmol,catalonia,1-10,nextmol.com
spain,,jwg9hfQ8crAiEgBWU0eo2gva3CSw,information technology and services,linkedin.com/company/barcelona-dynamics,san cugat del vallés,barcelona dynamics,catalonia,1-10,
spain,2017,yOabTFiNIW3qRvDC8M13IwTnE4PI,information technology and services,linkedin.com/company/alternativatek,madrid,alternativa tek,community of madrid,1-10,alternativatek.net
spain,,ifDcbaEAn7rCBEpsgqIBVgy4smrn,information technology and services,linkedin.com/company/desarrollos-energeticos-boreas,burgos,desarrollos energéticos bóreas,castilla and león,1-10,
spain,,wAXBBoOvqJyBSNCInApbqAqdVSHZ,information technology and services,linkedin.com/company/algodis,madrid,distripha,community of madrid,1-10,distripha.com
spain,1987,mCtlxBHnh1VmMNdmVv0g3wl7JOmJ,information technology and services,linkedin.com/company/main-memory,barcelona,main memory,catalonia,51-200,mainmemory.es
spain,,ZlrXubqtlbW6RR7lvx5JtgxJstzy,information technology and services,linkedin.com/company/mmi-consult-gmbh,madrid,mmi consult gmbh,community of madrid,1-10,
spain,2020,M05Joz8GoOL1o8pGG5icHgmnczsg,information technology and services,linkedin.com/company/qbeast,barcelona,qbeast,catalonia,11-50,qbeast.io
spain,,Na7SBVmIU6nH3ss9MCu4Wgn6bTB6,information technology and services,linkedin.com/company/starkstrom-limited,madrid,starkstrom limited,community of madrid,1-10,
spain,2014,GZ2k3SqCSTVcYV1TfGT5iAuyZ0IE,information technology and services,linkedin.com/company/pmovalue,majadahonda,pmovalue,community of madrid,1-10,pmovalue.com
spain,,ZUFUlXDYGC0LQEClFzVfAATj8nzK,information technology and services,linkedin.com/company/ip-patentes-y-marcas,,ip patentes y marcas,,1-10,ippatentes.com
spain,2007,GRO6awqaTo6342vmwmYZ9gnEXhcd,information technology and services,linkedin.com/company/gavisa,cordoba,gavisa,andalusia,1-10,gavisa.es
spain,2003,2nT6TAqbFEUcvt1hiVsHhQ0gCjz3,information technology and services,linkedin.com/company/e-armas-consultores-slu,santa cruz,e-armas consultores slu,canary islands,11-50,
spain,2014,lbovHpapUjgmqULTe1N9QQJRm4J7,information technology and services,linkedin.com/company/talentosolutionssoftware,leon,talentosolutions,castilla and león,1-10,talentosoftware.com
spain,,3dBXBSqFYRsKSeA9CvxI9QYVoHWy,information technology and services,linkedin.com/company/instantcv,,instantcv,community of madrid,1-10,instant-cv.com
spain,2015,cN41sdlSVNCzhBIbfGC1qgSOcPlp,information technology and services,linkedin.com/company/experto-informatica,los palacios y villafranca,experto en informática,andalusia,1-10,expertoeninformatica.es
spain,,W0BjTGxy3MGWw5zIgmCYTAdnldqd,information technology and services,linkedin.com/company/analytics40,paterna,analytics4.0,valencian community,1-10,analytics40.com
spain,,uVhqujxYc7xjnMqfGq4pZwa8pmwS,information technology and services,linkedin.com/company/elc-informática,coslada,elc informática,community of madrid,1-10,elcinformatica.com
spain,2013,McgohNdEuBlccvUy0PtXewXSV1zk,information technology and services,linkedin.com/company/iproject,san cugat del vallés,iproject,catalonia,1-10,iproject.com.br
spain,,B4g7klV9Yu0mPNWDpws8CQclxLGo,information technology and services,linkedin.com/company/system-formación,zaragoza,system formación,aragon,1-10,
spain,2014,Ic4BKDIBbyCjGebNo1Oeig7TqBFO,information technology and services,linkedin.com/company/barcelona-online-marketing,barcelona,barcelona online marketing,catalonia,1-10,barcelonaonlinemarketing.com
spain,2015,DVpCBzm739hBmosOCdlHnwNLQlEV,information technology and services,linkedin.com/company/superingeniero,,superingeniero,,1-10,superingeniero.es
spain,,MWadiYcMACd18GtBw1yenw7o2ciM,information technology and services,linkedin.com/company/negonation-platform-s.l.,,"negonation platform, s.l.",community of madrid,1-10,
spain,,zANf7gAEC8X2S5B14Fwpyw9Uig3B,information technology and services,linkedin.com/company/mobile-monday-oy,madrid,mobile monday oy,community of madrid,1-10,
spain,,DlvSBbefspsekEr55j9lgAw32exN,information technology and services,linkedin.com/company/porcelanas-del-principado-s-l-,gijon,"porcelanas del principado, s.l.",asturias,11-50,porcelanasprincipado.com
spain,,VI6HpIfwAAHZcF8iDhOCRwB6YCLr,information technology and services,linkedin.com/company/pst-company,madrid,pst company,community of madrid,11-50,pst-company.ru
spain,2001,OfgRU2jdZhXxlHvSBLk0zwIC0dxc,information technology and services,linkedin.com/company/inocuo-sistemas-informaticos-sl,viladecáns,inocuo sistemas informaticos,catalonia,1-10,inocuo.com
spain,2002,mTEQYMOuSraOUZwNWRB3oQMAKDQj,information technology and services,linkedin.com/company/semantic-systems,derio,semantic systems,basque country,201-500,semantic-systems.com
spain,2022,ajvyGp9nVebAYMCceW3b4worHFJL,information technology and services,linkedin.com/company/esera-digital,huesca,esera digital data sl,aragon,1-10,eseradigital.com
spain,2020,qqMQoCpt0F6LDuhUAACBAAwOLpMv,information technology and services,linkedin.com/company/pixel-in-love,burgos,pixel in love,castilla and león,1-10,pixelinlove.net
spain,2009,1GziWub4paBfFLT363hV6Q4JLDm1,information technology and services,linkedin.com/company/objetivocreativo,gijon,estudio objetivo creativo s.l.,asturias,1-10,objetivocreativo.com
spain,2015,BMy9S7qXnJG0FWm8DsZjCAn9Pksk,information technology and services,linkedin.com/company/eliseo,villanueva de castellon,eliseo,valencian community,1-10,eliseotech.com
spain,,B5eAVGOB8lKtCu5juBvb0QvkUtb1,information technology and services,linkedin.com/company/panafax-corp-,madrid,panafax corp.,community of madrid,11-50,
spain,1997,CggB0SQIaYAkfr7lBBRxZwy9plPw,information technology and services,linkedin.com/company/n-cleo-soluciones-inform-ticas,parque empresarial san fernando de henares,nucleosoft,community of madrid,1-10,nucleosoft.com
spain,2004,oApj3vyAzja7FHHdmr8zxQLl8VXD,information technology and services,linkedin.com/company/infomatix-tm,málaga,infomatix™,andalusia,1-10,infomatix.com
spain,2007,OaicFQ5yUhnWeBre0OX5jgT2bFG7,information technology and services,linkedin.com/company/dsi-volant,santander,click army,cantabria,1-10,clickarmy.net
spain,2017,Z2BbzWTz6IcJa2T9wmhGWgx3l7hv,information technology and services,linkedin.com/company/neoradixsolutions,murcia,neoradix solutions,region of murcia,1-10,neoradixsolutions.com
spain,2003,T95LwRCSBxnY7jDBYIG5BQaQBaA9,information technology and services,linkedin.com/company/zapp-de-colombia-sas,torrejón de ardoz,ecaldima,community of madrid,11-50,ecaldima.com
spain,2003,TZM3E18WopbOOvdNB5sxOQuB3WmU,information technology and services,linkedin.com/company/lloder-group-s-l,la eliana,lloder group s.l.,valencian community,1-10,llodergroup.com
spain,2017,CNxvhE1si1BsDGH0GoW2dQmMJY4g,information technology and services,linkedin.com/company/north-division-ingeniería,pamplona,north division ingeniería,navarre,1-10,northdivisioningenieria.com
spain,2018,ZzWmDWXZEFPJSR5Ks93YhAjXr0ES,information technology and services,linkedin.com/company/powerchoice,toledo,power choice,castilla-la mancha,11-50,powerchoice.io
spain,1978,LDtmKjGUa1JpcESPG11iBw5Qys7T,information technology and services,linkedin.com/company/inforges,alhama de murcia,inforges,region of murcia,201-500,inforges.es
spain,,ljRRC93g4FQexfkP8r8fggmNap8m,information technology and services,linkedin.com/company/noble-brasil-s-a-,madrid,noble brasil s/a.,community of madrid,11-50,
spain,,wJZyMwpK6bNYqMSPxsXmOgKWKSAk,information technology and services,linkedin.com/company/inside-the-hotel,madrid,inside the hotel,community of madrid,1-10,insidethehotel.com
spain,2010,efOodnoZHj3Kgr7KCX8EKghcdJGp,information technology and services,linkedin.com/company/zmedia-informatica,olite,zmedia informatica,navarre,1-10,zmedia.es
spain,,QAuDMUdTaEudaXncJWhU2Q4uH9Ni,information technology and services,linkedin.com/company/pensieve-software,madrid,pensieve software,community of madrid,1-10,
spain,,fIKV9aDEODI1wGnGv1915wZMX2Ki,information technology and services,linkedin.com/company/csm,sant joan despi,csm,catalonia,11-50,
spain,2010,OSzswnf89rBbWj5AW8od1AkR4e4q,information technology and services,linkedin.com/company/geomatics-technology-cluster,santander,geomatics technology cluster,cantabria,11-50,gtcluster.com
spain,1993,5CwVZ9kMgBcMeKZIXECQawFUVkKY,information technology and services,linkedin.com/company/multisoft,llanera,mobentis,asturias,11-50,multisoft.es
spain,2008,K0zqtAH6ng54UJrdonSM2wEZn8E6,information technology and services,linkedin.com/company/la-red-innova,madrid,la red innova,community of madrid,11-50,redguru.com
spain,2010,g09sCiNczXPgky1LhOsyxw0xsoS6,information technology and services,linkedin.com/company/isalus,mataró,isalus,catalonia,11-50,isalus.es
spain,2007,BEm1IA1YbaK3qo37G7tRjwYF5Kpd,information technology and services,linkedin.com/company/click-aplicaciones-informáticas-s.l.,móstoles,click aplicaciones informáticas s.l.,community of madrid,1-10,clickaplicaciones.com
spain,2013,j3KtXcO9nBiu07vAaTFiEg9TZqKV,information technology and services,linkedin.com/company/goodtel-group-s-l-,valencia,goodtel group s.l.,valencian community,11-50,goodtel.es
spain,2013,ZWXCyn1bXjHaphlYCNlGBQqt3WE3,information technology and services,linkedin.com/company/weappin-solutions-s-l-,el rosario,weappin solutions s.l.,canary islands,1-10,weappin.com
spain,,Ii4C0Q6BLkDXzNCvqQHstgAd8QwI,information technology and services,linkedin.com/company/university-pontifica-comillas--technology-and-communications-office,madrid,university pontifica comillas- technology and communications office,community of madrid,201-500,
spain,1999,qar9syP5a1SNKTp9iaeTfgMIEkqz,information technology and services,linkedin.com/company/pc-solutions-javea,alicante,pc solutions javea,valencian community,11-50,spanishcomputers.com
spain,,nYxLBxCbcBzgMEIA7U3YigqzAw8r,information technology and services,linkedin.com/company/lake-imaging-pty-ltd,madrid,lake imaging pty ltd,community of madrid,1-10,
spain,2008,L9PxEGfeSVdwDIQffjH2PQbvmpfu,information technology and services,linkedin.com/company/soluzion-digital,lleida,soluziondigital,catalonia,11-50,
spain,2013,APxKabJd7SEhi5Ps0XKRVQnmu5pF,information technology and services,linkedin.com/company/olset-finanzas-y-tecnolog-a,madrid,olset finance & technology,community of madrid,1-10,finveris.com
spain,2021,zw5JLe1Dsgh0wpjlNAsHhgYoQBxD,information technology and services,linkedin.com/company/gfw-group,barcelona,gf-w tech factors,catalonia,1-10,gf-w.com
spain,2022,MtXFQVucmHFrc4TqLGIwkQYCBDpT,information technology and services,linkedin.com/company/analyzati,barcelona,analyzati,catalonia,1-10,analyzati.com
spain,2003,dyqrXOmBgZvXmfuDKFWxVgaErxnX,information technology and services,linkedin.com/company/einzelnet,madrid,einzelnet,community of madrid,51-200,einzelnet.com
spain,,lbKHsrhZSyozqtXNwJ2CIghOpdyg,information technology and services,linkedin.com/company/aircast-incorporated,madrid,aircast incorporated,community of madrid,1-10,
spain,2013,SyBsCMF8aGyXBHOW0fG6qgI34jaS,information technology and services,linkedin.com/company/v13-consultoria,balenyá,vint-13 consultoria - v13,catalonia,11-50,v13consultoria.com
spain,,NmFp2bzXYK9XHF4aeSPBxAqXeAwi,information technology and services,linkedin.com/company/macro-media-informática,cerdanyola del valles,macro media informática,catalonia,1-10,
spain,,QZ1lC8L6gLbyXERLaXopWwlU7jDT,information technology and services,linkedin.com/company/gesti-documental,castellbisbal,gestió documental,catalonia,11-50,gestiodocumental.net
spain,,n9Ykabv3FPRjFD0vTDG5rwL5APkn,information technology and services,linkedin.com/company/forestchain,majadahonda,forestchain,community of madrid,1-10,forest-chain.com
spain,2018,Bbds9nwLJCMpg1Nmkt04XwglJIxC,information technology and services,linkedin.com/company/thkfrog,alicante,thk frog,valencian community,1-10,thkfrog.com
spain,2010,q0L36YFbHSDDPjaCnk9FWwcqjisa,information technology and services,linkedin.com/company/facilethings,alicante,facilethings,valencian community,1-10,facilethings.com
spain,1987,WrWlF12IaV3fc9BqCyRFyQNCAHmE,information technology and services,linkedin.com/company/odei-s-a-,vitoria-gasteiz,odei s.a.,basque country,51-200,odei.eus
spain,,uCBOb9FqEzimC0d2BBTO3g4LMICn,information technology and services,linkedin.com/company/shore-to-shore-mis-pvt-ltd-,madrid,shore to shore mis pvt. ltd.,community of madrid,11-50,
spain,,c63tHU837KHUsCqdIg8BzQyg4Dev,information technology and services,linkedin.com/company/kemit,,kemit,,11-50,catch-a-car.ch
spain,2017,q2PN5h3uc3EC7xIFA8YCkwlIrGhS,information technology and services,linkedin.com/company/rootslab,madrid,roots ecolab,community of madrid,1-10,rootsurban.com
spain,,YOBSI9ZgcHWb98OqdUdB1Qb32zE2,information technology and services,linkedin.com/company/gerencial-brasil-ponto-de-venda-ltda,madrid,gerencial brasil ponto de venda ltda,community of madrid,11-50,
spain,2016,fYx3FUyesb6v4uPyuLSWDADhBnd6,information technology and services,linkedin.com/company/gobierto,madrid,gobierto,community of madrid,11-50,gobierto.es
spain,2011,5W1JyyuS3hCAtABZzKvXSwPijUR8,information technology and services,linkedin.com/company/esquioingenieria,vigo,esquío ingeniería,galicia,1-10,esquio.es
spain,2017,84RFQ0ZAR2mCWkQ5oMxOrwQLsKdS,information technology and services,linkedin.com/company/php-prefixer,oviedo,php-prefixer,asturias,1-10,php-prefixer.com
spain,2018,pVt5pVUUQPlFuZL1n3CfkAiFfNh6,information technology and services,linkedin.com/company/keifi-technologies,madrid,keifi by izertis,community of madrid,51-200,keifitech.com
spain,,iMSEcTw5YfSCkp1YJrausgi0kFaK,information technology and services,linkedin.com/company/asistic,leioa,asistic,basque country,11-50,asistic.com
spain,2001,gCZLSCCzL7PocZPAgkNYuw8GGVTx,information technology and services,linkedin.com/company/samelan,madrid,samelan,community of madrid,11-50,samelan.com
spain,2010,xb0Hhz24pBRLrpSI77vjRQG0ztSN,information technology and services,linkedin.com/company/patchworks-makes-tendertech-s-l-,barcelona,patchworks makes tendertech s.l.,catalonia,1-10,conductr.net
spain,2009,wQW3JmlmZZthzBWuJGPzHwpLIufr,information technology and services,linkedin.com/company/tiebel,madrid,tiebel,community of madrid,201-500,tiebel.es
spain,2019,GlRBXBzOew1JVjB1BoJ2zAUtU4KJ,information technology and services,linkedin.com/company/comunicatech,madrid,comunicatech,community of madrid,1-10,comunicatech.es
spain,2017,eyNyRnxa6qS8z0cQciKxYwFoLpcO,information technology and services,linkedin.com/company/sysadm-es,viladecáns,sysadm.es,catalonia,1-10,sysadm.es
spain,2022,7yPKGqUf2iQLDPwhvLxyGg10dKB8,information technology and services,linkedin.com/company/ceilot,jaen,ceilot,andalusia,1-10,ceilot.com
spain,,h76WNjC9DTgZRbCcCeOsdgZ6JMWx,information technology and services,linkedin.com/company/efficy-nederland-b-v-,madrid,efficy nederland b.v.,community of madrid,1-10,
spain,,1Y9AraJJcpvqB25JNuNl1ABiR5Vt,information technology and services,linkedin.com/company/aaa-group,barcelona,aaa group,catalonia,11-50,aaa-group.com
spain,2023,J3sVYMCICByYieto8dmd5QaQlEDV,information technology and services,linkedin.com/company/zeroitpoint-global-consulting-sl,las rozas de madrid,zeroitpoint global consulting sl,community of madrid,1-10,zeroitpoint.com
spain,,YbO2cKBetf1mH4rZyDK4CAlYeWqh,information technology and services,linkedin.com/company/nubulus-network,barcelona,nubulus network,catalonia,1-10,nubulusnetwork.es
spain,,CImoo0StN9LGQygK2bCMPQAunTjB,information technology and services,linkedin.com/company/munity-servicios-tic-sl,ciudad real,"múnity, servicios tic sl",castilla-la mancha,1-10,aymo.es
spain,2022,JHDz9z73wqDyGBdynRmwAQ6rOFku,information technology and services,linkedin.com/company/gaviriaconsulting,madrid,gaviria,community of madrid,1-10,gaviria.cloud
spain,2022,aaNIENlrQxHMG7l1HNfPLQYXbSML,information technology and services,linkedin.com/company/uspace-sl,málaga,uspace sl,andalusia,1-10,uspacecloud.eu
spain,2015,b6Dcbo2WjOVIBKF31VeFkgbw7em8,information technology and services,linkedin.com/company/ugiat-technologies,mollet,ugiat technologies,catalonia,1-10,ugiat.com
